rank,priority,name,title_company,linkedin,state,why_outreach,vertical
1,A,Abdul Hadi,Co-Founder & CEO @ Link Call Network,https://www.linkedin.com/in/abdul-hadi-265443280,WI,Medicare solar FE MVA mass-tort inbound and live transfers.,Insurance / legal
2,A,Abdul Rafay Tariq,CEO @ Dreamscape LLC,https://www.linkedin.com/in/abdulrafaytariq47,Iowa,Dubuque TCPA-compliant PPC across FE Medicare auto home legal debt and solar.,Insurance / legal / debt / home services
3,A,Abdul Raheel,Co-Founder & CEO @ Unified Systems,https://www.linkedin.com/in/abdul-raheel-9a1773203,United States,Utah-based shop generating 20k insurance transfers/month on pay-per-call.,Insurance
4,A,Abdullah Abbasi,Founder & CEO @ AA Communications,https://www.linkedin.com/in/abdullah-abbasi-a7a8201b6,,Buys and sells nationwide Final Expense live transfers.,Insurance
5,A,Abdullah Satti,Co-Founder @ Link Call Network,https://www.linkedin.com/in/abdullah-satti-95a967252,WI,BD for live transfers across insurance verticals.,Insurance
6,A,Abraham Engel,Founder @ Acquire IQ & CMO @ Momentum Max,https://www.linkedin.com/in/abraham-engel-38707530b,Florida,Momentum Max: $50M+ PPC across ACA Medicare FE auto.,Insurance
7,A,Abram Ninoyan,Founder @ GavelGrow,https://www.linkedin.com/in/abramnin,California,Law-firm agency pairing paid search with call tracking and intake for 500+ firms.,Legal
8,A,Adrian V.,CEO @ The Hawks Media,https://www.linkedin.com/in/adrian-v-a1b844193,OH,Hawks Media CEO; active in insurance pay-per-call circles.,Insurance / performance
9,A,Afaq Ahmed,Founder & CEO @ LeadsRoot,https://www.linkedin.com/in/afaq-ahmed-059aab224,,Sells mortgage live transfers and pay-per-call outbound; juggles ads plus call flow.,Mortgage
10,A,Ahtisham Muzammil,CEO & Co-Founder @ First Call Solutions,https://www.linkedin.com/in/ahtisham-muzammil-7367b940,United States,Meta/Google pay-per-call for insurance and home services with real-time analytics.,Insurance / home services / legal
11,A,Ajay G.,Founder @ MAWD Agency,https://www.linkedin.com/in/ajayg514,California,Bay Area agency owner running Google Ads plus CallRail phone tracking for contractors and legal.,Home services / legal
12,A,Akash King D,Pay-per-call media buyer,https://www.linkedin.com/in/akashdking,United States,Buys inbound calls for flights ACA Medicare auto via Google and Meta.,Insurance / travel
13,A,Akash Ralen,US affiliate / PPC media buyer,https://www.linkedin.com/in/akash-ralen-374920aa,United States,Uses Voluum Redtrack Ringba for US insurance debt and FE pay-per-call.,Insurance / debt
14,A,Albert Aulov,Founder @ Leads2Closings,https://www.linkedin.com/in/albert-aulov-leads2closings,New York,NY founder selling pre-qualified live transfers in lending.,Mortgage / lending
15,A,Aldrin G.,Founder @ High Value Cases,https://www.linkedin.com/in/aldrin-google-ads,Wyoming,PI-only Google Ads/LSA shop; lists call tracking alongside paid search.,Legal
16,A,Alex Shmonov,CEO & Founder @ Marketcall,https://www.linkedin.com/in/ashmonov,CA,Inc. 5000 pay-per-call network with internal media buying. Daily spend/return is the operating system.,Insurance / home services / legal / travel
17,A,Alex Suarez,CEO & Founder @ Ad Blaze Media,https://www.linkedin.com/in/alex-suarez-61210a40,United States,Builds call machines across insurance legal and HVAC with full attribution.,Insurance / legal / home services
18,A,Alexander Konarev,Head of Affiliate @ Marketcall,https://www.linkedin.com/in/alexander-konarev-a38315225,United States,Places Marketcall debt and insurance inbound volume with media buyers.,Insurance / debt
19,A,Ali Abbas,Owner @ Call Experts BPO,https://www.linkedin.com/in/ali-abbas-700a1a239,,Sells high-intent Medicare ACA FE live transfers to agencies and brokers.,Insurance
20,A,Andre Humber,CEO @ Innovation Direct Group,https://www.linkedin.com/in/andre-humber,FL,Pay-per-call inbound for Medicare health life auto insurance.,Insurance
21,A,Andrew Filar,Co-Founder @ Next Call Club,https://www.linkedin.com/in/andrewfilar,GA,Boutique insurance lead/call vendor: data leads live transfers inbound calls.,Home / auto insurance
22,A,Andrew Gutierrez,Performance Media Buyer,https://www.linkedin.com/in/andrew-gutierrez-b60618229,California,San Dimas buyer focused on high-quality inbound calls at scale,inbound
23,A,Andrew Rios,Media buyer / affiliate manager (TrackDrive),https://www.linkedin.com/in/riosandrew,,Migrated call tracking from Boberdoo to TrackDrive; ran internal PPC inbound.,Insurance / pay-per-call
24,A,Andy Aronow,President & Founder @ eLocal,https://www.linkedin.com/in/andy-aronow-9a42166,PA,Built one of the largest nationwide pay-per-call/pay-per-lead platforms.,Home services / local
25,A,Angela Mirabella,Founder @ Lux Media Mix,https://www.linkedin.com/in/angela-mirabella-ba501168,California,Built Lux into inbound-call engine for health Medicare finance home services.,Insurance / finance / home services
26,A,Anthony D.,Founder & CEO @ Clear Choice Marketing Group,https://www.linkedin.com/in/anthony-dominguez-clearchoicemarketinggroup,,Pay-per-call marketplace for tax debt mortgage solar and insurance inbound.,Finance / insurance
27,A,Anthony Sarandrea,CEO SiteFlood / Pocket Your Dollars,https://www.linkedin.com/in/anthony-sarandrea,Arizona,Scottsdale operator driving thousands of inbound insurance calls daily,insurance
28,A,Aragorn Dimopoulos,Pay-per-call media buyer,https://www.linkedin.com/in/aragorn-dimopoulos-75402689,Illinois,Crystal Lake operator running pay-per-call media campaigns and inbound lead gen.,Insurance / inbound
29,A,Ari Pelkas,Partnerships / Senior Media Buyer @ Lead Gate Media,https://www.linkedin.com/in/ari-pelkas,United States,Buys and sells PPC inbound across insurance legal home services debt ACA Medicare.,Insurance / legal / home services / debt
30,A,Arif Khan,Founder @ RevRigs,https://www.linkedin.com/in/arif-revrigs,,US home-services Google/Meta ads with call tracking and conversion measurement.,Home services
31,A,Arjan Parajuli,Founder @ Paragon Leads Media,https://www.linkedin.com/in/arjanparajuli,United States,Runs Google plus Ringba/Everflow pay-per-call for home services and insurance.,Home services / insurance
32,A,Arman N.,Senior media buyer (pay-per-call),https://www.linkedin.com/in/armannabavian,United States,Built Ringba DNI routing plus Google Ads for 172k insurance inbound calls.,Insurance
33,A,Arun Tripathi,CEO at Axad Capital,https://www.linkedin.com/in/aruntripathi,New York,Runs NYC O&O insurance/legal call properties and still shows up at Contact.io for pay-per-call,insurance
34,A,Arushi S.,Founder & CEO @ Calling Waves,https://www.linkedin.com/in/arushi-s-a5945b114,New Jersey,Buys home services flight ACA FE inbound and transfer calls.,Home services / insurance / travel
35,A,Arushi S.,Founder & CEO @ Calling Waves,https://www.linkedin.com/in/a-s-a5945b114,New Jersey,Buys home-services HVAC FE ACA and flight inbound calls.,Home services / insurance / travel
36,A,ASGHAR ABBAS,CEO & Founder @ CALLERS LLC,https://www.linkedin.com/in/asghar-abbas-5602691b7,KY,Pay-per-lead and pay-per-call live transfers to national buyers.,Insurance / finance
37,A,Atul S.,Founder @ TechiFox Legal PPC Agency,https://www.linkedin.com/in/aaaatulsharma,,Legal PPC agency tracking phone calls that become signed cases back into Google Ads.,Legal
38,A,Austin Ziegenfuss,Digital media buyer (DNI + ads),https://www.linkedin.com/in/austin-ziegenfuss,,Deploys DNI call tracking and offline conversions into Google/Meta bidding.,Multi
39,A,Babar Abbasi,Founder @ Calls Network / CPL Leads,https://www.linkedin.com/in/babar101,United States,Pay-per-call and live-transfer operator for Medicare FE auto and solar.,Insurance / solar
40,A,Badr Benassila,Paid social / inbound-call media buyer,https://www.linkedin.com/in/badrbenassila,United States,Uses Ringba Retreaver Slack. Watches CPL contact rate AHT and cost per bind live.,Debt / insurance
41,A,Benjamin Alicea,Founder @ WebPresent,https://www.linkedin.com/in/benjaminichola,,Home-services agency stacking Google Ads LSA Meta and call tracking.,Home services
42,A,Benjamin P.,Media Buyer @ WeCall,https://www.linkedin.com/in/benperkov,Slovenia,In-house WeCall media buyer. Direct user of call + ad reporting.,Pay-per-call agency
43,A,Benson N.,Founder @ Buyers Central Media,https://www.linkedin.com/in/bensondnguyen,,Lead-gen founder running pay-per-call and digital campaigns.,Pay-per-call / lead gen
44,A,Bill Stapleton,Founder & CEO @ HealthPlanOne,https://www.linkedin.com/in/bill-stapleton,CT,Large Medicare agency that buys inbound media at scale. Spend/return is daily.,Medicare / health insurance
45,A,Bjorn Faber,Founder @ The Call Faucet,https://www.linkedin.com/in/bjornfaber,United States,Connects affiliates with FE U65 and auto inbound-call buyers.,Insurance
46,A,Brad Nelson,CTO @ The Call Gurus,https://www.linkedin.com/in/brad-nelson-0b306376,AZ,Tech owner of inbound/outbound and pay-per-call routing.,Pay-per-call / BPO
47,A,Brian Fitzmaurice,Founder & CEO @ Fitz Media Group,https://www.linkedin.com/in/brian-fitzmaurice-86692217,SC,Performance shop generating inbound calls and leads for insurance home services mass tort.,Insurance / home services / legal
48,A,Brian Kohn,CEO @ Burst Revenues,https://www.linkedin.com/in/brianskohn,Michigan,Direct publisher: FE ACA auto inbound from Facebook YouTube display.,Insurance
49,A,Brian M.,CEO @ LegalRepp / MVA Resolve,https://www.linkedin.com/in/brianmuthuyia,,Legal media buying plus pay-per-call live transfers and call tracking for PI firms.,Legal
50,A,Brook Whitmore,COO @ Call Trader & Madera Digital,https://www.linkedin.com/in/brookwhitmore,CA,Ops owner of inbound/warm-transfer customer acquisition.,Insurance / financial services
51,A,Bruce Aronow,Chairman @ eLocal,https://www.linkedin.com/in/brucearonow,PA,Longtime eLocal CEO/chairman. Performance-priced local inbound calls.,Home services / local
52,A,Caleb Thames,Founder & CEO at Call Pro,https://www.linkedin.com/in/calebthames,Georgia,Atlanta founder brokering pay-per-call volume to insurance agencies.,Insurance
53,A,Carlos Corona,Founder & CMO @ UNIK Media Group,https://www.linkedin.com/in/carloscoronajr,FL,Pay-per-call inbound for insurance home services consumer finance.,Insurance / home services / finance
54,A,Chad Brewster,Direct Marketing Media Buyer @ SelectQuote,https://www.linkedin.com/in/chad-brewster-b3301aa7,Kansas,SelectQuote buyer generating insurance clicks calls and live transfers.,Insurance
55,A,Chris Giuliani,CEO @ Spring Venture Group,https://www.linkedin.com/in/chrisgiuliani,MO,Large Medicare agency that buys digital media and inbound at scale.,Medicare
56,A,Chris Marcos,Founder @ Noble AdLab; ex-VP @ LucraTel,https://www.linkedin.com/in/chris-marcos-49772966,IL,Performance marketing founder; previously distributed LucraTel pay-per-call.,Insurance / tax / debt / home services
57,A,Christian Wald,President @ ads2call.com,https://www.linkedin.com/in/christian-wald-684695113,AZ,Pay-per-call marketing connecting businesses to local search callers.,Local / home services
58,A,Christopher M. Monski,CEO & Founder @ Crankshaft.ai,https://www.linkedin.com/in/monski,FL,AI-verified consumer-initiated inbound calls starting in Final Expense.,Insurance / debt / tax
59,A,CJ Richards,CEO @ WeGenerate,https://www.linkedin.com/in/cj-richards-88a00a82,FL,Internal media buys producing millions of inbound leads and calls/year.,Insurance / debt / auto / home services
60,A,Clint Johnson,Senior Media Buyer @ Legalcalls.com,https://www.linkedin.com/in/clint-johnson-b7829373,,Manages Google Ads and configures CallRail plus CallTrackingMetrics.,Legal / healthcare
61,A,Cole Morris,Co-Founder @ Zealous Growth,https://www.linkedin.com/in/wcolemorris,OH,Google Ads for trades/HVAC that turn visitors into inbound leads/calls.,Home services
62,A,Daniel Brown,CEO @ Freedom Marketing Group,https://www.linkedin.com/in/daniel-brown-81b2741a2,Texas,Live transfers and inbound for FE Medicare ACA auto.,Insurance
63,A,Daniel Francis,CEO & Founder @ Ragnar Media Group,https://www.linkedin.com/in/daniel-francis-56b566214,District of Columbia,DC-area media buyer generating inbound calls for clients.,Pay-per-call / lead gen
64,A,Daniel M.,Director / media buyer (MediaAlpha),https://www.linkedin.com/in/daniel-m-829970139,,Drove 30k+ insurance phone-call leads a year on Snapchat TikTok YouTube.,Insurance
65,A,Daniel Queroli,Affiliate Manager @ Aragon,https://www.linkedin.com/in/daniel-queroli-b2a394137,United States,Looks for direct media buyers in ACA auto FE pest remodeling.,Insurance / home services
66,A,Daniel Sorenson,Co-founder @ Fuego Leads,https://www.linkedin.com/in/sorensondaniel,Ohio,Built Fuego media-buying call-center and routing tech in Columbus.,Insurance / Medicare
67,A,Daniyal Tahir,Owner @ Maple Leaf Corporation,https://www.linkedin.com/in/daniyal-tahir-b36aa1106,,Scales inbound PPC live transfers for ACA Medicare FE SSDI and auto.,Insurance
68,A,Darrell Nesbitt,Pay-per-call affiliate and media buyer,https://www.linkedin.com/in/darrell-nesbitt-273b74302,South Carolina,Charleston affiliate actively seeking pay-per-call buyers and networks.,Performance
69,A,Darryl Janes,Founder & CEO @ LeadsLocator,https://www.linkedin.com/in/darryl-janes-70113813,Missouri,Exclusive inbound calls live transfers and branded home-services leads.,Home services
70,A,Daud Abdi,Founder & CEO @ VitalCalls,https://www.linkedin.com/in/daud-abdi-5683ab292,Minnesota,St Cloud operator claiming $3.5M+ pay-per-call revenue for insurance agencies.,Insurance
71,A,Dave Maman,CEO @ WeCall,https://www.linkedin.com/in/dave-maman-532172ab,NC,Pay-per-call agency CEO focused on compliant high-converting calls and ROI.,Insurance / home services
72,A,David Brook,President & Co-Founder @ Inbounds.com,https://www.linkedin.com/in/david-brook1,ON,Co-founded inbound legal/insurance/finance call shop.,Legal / insurance / finance
73,A,David Leathers,Founder @ Dependable Call Exchange,https://www.linkedin.com/in/daveleathers,,Pay-per-call exchange routing consumer-initiated inbound to buyers.,Insurance / legal / finance
74,A,David Lukac,Founder at Outperform Agency,https://www.linkedin.com/in/david-lukac-81a199243,Florida,Runs a Miami pay-per-call agency that generates inbound calls at scale.,Insurance
75,A,"David Reilly, Jr",Founder & Co-CEO @ Leadminerr,https://www.linkedin.com/in/david-reilly-jr-389914235,Florida,AI-qualified inbound calls on a pay-per-call model across healthcare insurance home services finance.,Insurance / home services / healthcare / finance
76,A,David Stephen Noad,Founder @ Noad Media,https://www.linkedin.com/in/davidnoad,California,Multi-vertical lead gen affiliate and pay-per-call.,Home services / health
77,A,David Walsh,President & Co-Founder @ Visiqua,https://www.linkedin.com/in/davidjwalsh,CO,Performance shop for calls clicks and leads. Cost-per-call operator.,Pay-per-call / lead gen
78,A,David Wank,Founder @ PPC Dentist,https://www.linkedin.com/in/david-wank-dmd,,Dental/medical PPC founder implementing CallRail plus Google Ads.,Healthcare
79,A,David Wilson,President of Marketing @ Own Empires,https://www.linkedin.com/in/david-wilson-983861318,OH,Pay-per-call for home services insurance legal inbound.,Home services / insurance / legal
80,A,Davide,Senior media buyer — ACA Medicare debt tax inbound,https://www.linkedin.com/in/davide-buyer,United States,High-volume social inbound-call buyer. Quality vs spend is the job.,Insurance / debt
81,A,Davor Rapic,Founder & CEO @ Advertikal,https://www.linkedin.com/in/rapicdavor,,Legal PPC/LSA/Meta agency with CallRail tracking from click to signed case.,Legal
82,A,Deepinder Singh Sidhu,Co-Founder @ Media Buying Agency,https://www.linkedin.com/in/deepinder-singh-sidhu-799b68a8,United States,Google/Meta media buying plus Ringba/Retreaver/Invoca call routing at scale.,Insurance / legal / home services
83,A,Devendra Tiwari,Founder & CEO @ E Tech Call Solutions,https://www.linkedin.com/in/devendra-tiwari-a1054411b,Florida,Pay-per-call/CPA/CPL shop buying MVA inbound and warm transfers.,Healthcare / insurance / legal
84,A,Dhruva Padia,CEO @ Henry Ads Factory,https://www.linkedin.com/in/dhruva-padia-901482b0,FL,Leads pay-per-call and lead-gen strategy at HAF.,Insurance / performance
85,A,Dmytro Kohut,Founder @ StarAds,https://www.linkedin.com/in/dmytro-kohut-579a9123a,,Home-services Google Ads shop focused on call/form tracking and weekly reporting.,Home services
86,A,Donald Dean,CEO 1440 Solutions,https://www.linkedin.com/in/donald-dean-b13a7216,Arizona,Scottsdale inbound-call generation and call-center operator,inbound
87,A,Eden Ben-Aroya,Media Buyer LeadBuyerHub,https://www.linkedin.com/in/eden-ben-aroya-65a46a300,Nevada,Las Vegas media buyer running scalable pay-per-call campaigns,inbound
88,A,Elijah Canfield,CEO @ Billy.com,https://www.linkedin.com/in/elijahcanfield,MI,Built Billy around systems and data feedback loops for inbound calls.,Home services / insurance / legal
89,A,Enric Sabaté,Founder @ Henry Ads Factory,https://www.linkedin.com/in/enricsab,FL,Pay-per-call factory delivering consumer-initiated inbound calls.,Insurance / performance
90,A,Erik Jones,Media Buyer @ Fluent,https://www.linkedin.com/in/erik-jones-71667058,NY,In-house Fluent media buyer. Call-solutions / media-buyer path only.,Performance media
91,A,Ethan Calderon,Owner @ PPC-Solutions LLC,https://www.linkedin.com/in/calderonethan,Florida,White-label Google/Meta PPC owner who implemented CallRail at a franchise agency.,Franchise / multi
92,A,Federico White,Co-Founder @ Leadminerr / SalesPromis,https://www.linkedin.com/in/federico-white-1048b364,,Claims 25k+ qualified inbound calls/month across insurance home remodeling healthcare debt.,Insurance / home services / healthcare / debt
93,A,Franco Aquino,Co-Founder @ REN Marketing,https://www.linkedin.com/in/francoaquinomia,Florida,Miami agency generating inbound phone-call leads via Google Ads for home services and law firms.,Home services / legal
94,A,Fred Lovine,Founder & President @ 99 Calls,https://www.linkedin.com/in/fredlovine,United States,Exclusive local-service inbound leads. Reporting simplicity is the hook.,Home services / local
95,A,Gabe Bletnitsky,CEO & Founder @ Call Trader & Madera Digital,https://www.linkedin.com/in/gabebletnitsky,CA,Consumer-initiated inbound and warm-transfer calls for insurance/finance.,Insurance / financial services
96,A,Gavin Sevastian,Founder @ AdClaw Digital,https://www.linkedin.com/in/g-sevastian,,Google Ads for trades with call tracking so contractor phones actually ring.,Home services
97,A,Gede Adi Aryanata,US media buyer (Ringba),https://www.linkedin.com/in/gede-adi-aryanata,United States,Manages $700k+/mo US spend; uses Ringba for Medicare home-reno solar ACA calls.,Insurance / home services / solar
98,A,Giancarlo Langweil,Founder @ BESO Connect,https://www.linkedin.com/in/giancarlo-langweil-0a119036b,Connecticut,Sells qualified FE Medicare ACA inbound billed on talk time.,Insurance
99,A,Gina Lee De Freitas,President Visiqua and Local Hero,https://www.linkedin.com/in/glee55,Colorado,Boulder president of a performance shop that acquires via calls,performance
100,A,Gurminder Singh,Founder @ Lead Xpression,https://www.linkedin.com/in/gurminder-singh-15581330,Pennsylvania,In-house PPC for auto home insurance home improvement ACA and Medicare.,Insurance / home services
101,A,Hagin Onyango,Founder & COO at Acquire IQ / Momentum Max,https://www.linkedin.com/in/hagin101,Florida,Operates pay-per-call traffic for ACA Medicare and auto from Miami.,Insurance
102,A,Hannah Ruberto,Media Buyer Loop Marketers,https://www.linkedin.com/in/hannah-ruberto-a53240243,Colorado,Denver media buyer who attended Contact.io for pay-per-call,inbound
103,A,Haris Ali,Founder & CEO @ Concept BPO,https://www.linkedin.com/in/haris-ali-33780a103,,US insurance live transfers across ACA FE and Medicare.,Insurance
104,A,Haris Malik,Founder & CEO @ Talk Sphere Communication,https://www.linkedin.com/in/haris-malik-b3641a332,,Medicare Advantage FE and ACA live transfers for US agencies.,Insurance
105,A,Hector Ortiz,Founder & CEO @ Agent Calls,https://www.linkedin.com/in/hector-ortiz-30b774245,United States,Scales final-expense agents with high-intent inbound calls; $3.5M+ PPC revenue.,Insurance
106,A,Helena Traslavina,Media Buyer for pay-per-call finance campaigns,https://www.linkedin.com/in/helena-traslavina-933a00149,Texas,Austin buyer who managed six-figure daily pay-per-call budgets for lending.,Finance
107,A,Hen Krivinsky,President @ RealTalk Marketing,https://www.linkedin.com/in/hen-krivinsky-8a0b9717a,Florida,Pay-per-call / live transfers for mass tort auto FE Medicare.,Legal / insurance
108,A,Hetal Agrawal,Junior Media Buyer @ Heart of Tech,https://www.linkedin.com/in/hetal-agrawal-4a6588340,,Tracks US insurance pay-per-call performance in Ringba while buying Meta/Google.,Insurance
109,A,Holly C.,Founder @ PPC Media Services,https://www.linkedin.com/in/holly-cruz,,Generates 10k inbound calls/month across insurance legal finance.,Insurance / legal / finance
110,A,Hunter Herriman,Owner @ 18x call media,https://www.linkedin.com/in/hunter-herriman-540270205,Michigan,Home-improvement and U65 health pay-per-call operator.,Home services / insurance
111,A,Ian Burton Price,CEO at The Call Architect,https://www.linkedin.com/in/ianbprice,Florida,Designs Ringba and TrackDrive routing systems for pay-per-call operators.,Performance
112,A,Ikechukwu Ezueh,Founder & CEO @ One Pillarmark Media,https://www.linkedin.com/in/ikezueh,FL,Inbound calls/leads for ACA FE SSDI auto home services debt legal.,Insurance / home services / legal / debt
113,A,Ilya B,Senior media buyer (Ringba / Retreaver),https://www.linkedin.com/in/ilya-b-65453011b,,Sets up Ringba and Retreaver call tracking for insurance and solar Facebook campaigns.,Insurance / solar
114,A,Ilya Koshal,Senior Media Buyer @ Marketcall,https://www.linkedin.com/in/ilya-koshal-4374a7278,,Bought US health-insurance Medicare and mortgage campaigns for Marketcall.,Insurance / mortgage
115,A,Irfan Ahmed,Founder & CEO @ WorldLink Enterprises,https://www.linkedin.com/in/irfan2009,United States,Building a US pay-per-call marketplace across solar home improvement and insurance.,Insurance / solar / home services
116,A,Isha Kalathiya,Media Buyer at EBS Media,https://www.linkedin.com/in/isha-kalathiya,New York,NYC-metro buyer running Medicare ACA FE and auto pay-per-call plus lead-gen spend,insurance
117,A,Ivan Palor,CEO @ Grevery INC,https://www.linkedin.com/in/ivan-palor-b1530a190,,Buys qualified SSDI/SSI and mass-tort transfers for a call-center op.,Legal / disability
118,A,Jacob Hadad,CEO at BH Network,https://www.linkedin.com/in/jacob-hadad-144932191,Florida,Delivers exclusive inbound calls to home-service companies from Sarasota.,Home Services
119,A,Jake Carpey,Founder Social Up Media,https://www.linkedin.com/in/jakecarpey,California,LA operator of inbound live-transfer and pay-per-call campaigns,insurance
120,A,Jamal English,CEO @ EDM Lead Network,https://www.linkedin.com/in/jamal-english-502558129,,Contact.io speaker buying inbound across insurance internet/cable and healthcare.,Insurance / telecom
121,A,James Brock,Founder @ Final Expense TV / Calls to Close,https://www.linkedin.com/in/liveagentassistance,Tennessee,Lenoir City founder generating exclusive FE inbound calls.,Insurance
122,A,James Fraiser,Co-Founder @ Alliance Leads Networks,https://www.linkedin.com/in/james-fraiser-087a19172,,Sells high-intent FE and Medicare live transfers.,Insurance
123,A,James K.,Founder @ Vanguard Digital Marketing,https://www.linkedin.com/in/vanguard-digital-marketing,Texas,Veteran-owned Google Ads shop selling conversion and call tracking for contractors.,Home services
124,A,James M.,Business Development @ Manifest Partners; ex-Lead Gate Media,https://www.linkedin.com/in/james-collins-mitchell,CA,PPCall media buyer/BD for mass torts MVA insurance. Now Manifest Partners.,Legal / insurance
125,A,Jason Cohen,Co-Founder Co-CEO @ Centerfield,https://www.linkedin.com/in/jasonacohen,CA,Co-founded Centerfield; acquired Datalot call/lead exchange.,Insurance / customer acquisition
126,A,Jason Kashou,Founder & CEO @ 1st Choice Marketing,https://www.linkedin.com/in/jason-kashou-1b662186,,Actively buying nationwide roofing HVAC and home-services calls.,Home services / insurance
127,A,Jason Williams,Owner & media buyer @ Advent Media,https://www.linkedin.com/in/jasonwilliamsmarketing,United States,Owner-operator media buyer with $20M+ pay-per-call and lead-gen sales.,Pay-per-call / lead gen
128,A,Jeff Paradise,CEO @ eLocal,https://www.linkedin.com/in/jeffparadise,PA,Leads 200-person pay-per-call shop for home services medical legal.,Home services / medical / legal
129,A,Jeffrey M.,Owner @ The Client Connector,https://www.linkedin.com/in/jeff-the-client-connector,United States,Exclusive home-services live-call leads billed on duration.,Home services
130,A,Jennifer Mansfield,Co-Founder & CEO @ Rya Digital,https://www.linkedin.com/in/jenmansfield,TX,O&O quote sites generating insurance clicks calls and leads.,Insurance
131,A,Jim Banks,Founder @ Spades Media / Elite Media Buyers,https://www.linkedin.com/in/jimbanks,,Agency owner who helps scale lead-gen and pay-per-call campaigns.,Pay-per-call / PPC
132,A,Joe May,Owner @ Joe May Marketing,https://www.linkedin.com/in/joe-may-07b72a4a,New York,CallRail Partner running Google Ads and phone-call conversion reporting.,Multi
133,A,Joe Mullin,Founder @ Seafront Marketing,https://www.linkedin.com/in/seafrontmarketing,Florida,Merritt Island shop driving inbound calls from O&O sites; Contact.io regular.,Insurance / home services / finance
134,A,John Edwards,CEO & Founder @ MarketsCall,https://www.linkedin.com/in/john-edwards-601145220,United States,Claims $10M+ ad spend across ACA FE Medicare legal auto and home warranty.,Insurance / legal / home services
135,A,John LTS,Founder @ Lead Transfer System,https://www.linkedin.com/in/leadtransfersystem,,Runs a live-transfer call center across insurance mortgage debt and legal.,Insurance / mortgage / debt / legal
136,A,John Ventura,Founder & CEO @ Adsync Media,https://www.linkedin.com/in/johnmventura,FL,High-intent inbound calls for insurance home services finance legal.,Insurance / home services / legal
137,A,Jordan DuBoise,COO @ Calldrive,https://www.linkedin.com/in/crvne,TX,Ops owner of inbound call generation platform and routing.,Tax / debt / insurance
138,A,Jordan Hoppel,Founder & CEO @ Call Viral,https://www.linkedin.com/in/jordan-hoppel-707b7b24a,United States,Pay-per-call shop selling real-time campaign insights.,Pay-per-call
139,A,Jordan P,Founder & CEO @ Crossblade Media,https://www.linkedin.com/in/jordansnowcbm,Florida,Miami pay-per-call founder generating inbound calls for clients.,Pay-per-call
140,A,Josh Gillon,CEO @ What If Media Group,https://www.linkedin.com/in/josh-gillon-7465114,NJ,Performance customer-acquisition shop including voice/SMS channels.,Performance / customer acquisition
141,A,Josh Reznick,Founder & CEO @ Datalot,https://www.linkedin.com/in/joshreznick,NY,Founded Datalot insurance call/lead marketplace now inside Centerfield.,Insurance
142,A,Joshua Duran,CEO @ Get Called,https://www.linkedin.com/in/getcalledceo,CA,Inbound-call growth shop. Lives on call quality vs spend.,Home services / local services
143,A,Julia B.,Pay-per-call / media buyer @ Fuego Leads,https://www.linkedin.com/in/julia-bringans,OH,Head of affiliate programs: pay per call pay per click for Medicare STM ACA life.,Insurance
144,A,Julian Smith,CEO @ AdReplica,https://www.linkedin.com/in/julian-smith-583411357,NC,Pay-per-call brokerage for insurance agencies and call centers.,Insurance
145,A,Justin Hess,Owner at Real Time Lead Gen,https://www.linkedin.com/in/realtimeleadgen,Pennsylvania,Bloomsburg founder selling exclusive restoration pay-per-call to local contractors,home services
146,A,Justin Surkes,CEO @ Calling Edge,https://www.linkedin.com/in/justin-surkes-b8671514b,FL,Lead gen for Medicare and Final Expense inbound.,Medicare / final expense
147,A,Karlie Gurela,Performance Marketing Strategist at Spring Venture Group,https://www.linkedin.com/in/karlie-gurela,Texas,Austin affiliate and media buyer sourcing legal and insurance inbound calls.,Insurance
148,A,Karly Beachler,Founder BloomCalls,https://www.linkedin.com/in/karly-beachler,CA,LA founder of BloomCalls PPC network with internal media buying,insurance
149,A,Kaustubh Bhat,Senior media buyer / Ringba + Retreaver,https://www.linkedin.com/in/kaustubh-bhat-5073b2204,United States,Sets up Ringba campaigns and reports performance to buyers. Reporting pain is daily.,Insurance / flights
150,A,Kevin De Vincenzi,CEO @ Rapid Response Marketing / Elite-Calls,https://www.linkedin.com/in/xy7com,NV,Invitation-only pay-per-call network plus CPA network. Inc. 5000.,Pay-per-call network
151,A,Kevin Rey,CEO @ BrokerPulse Media,https://www.linkedin.com/in/kevin-rey-083423239,FL,Buys ACA Medicare auto FE debt SSDI MVA U65 calls.,Insurance / debt / legal
152,A,Khawar Abbasi,CEO @ Pegasus-Leads,https://www.linkedin.com/in/khawarabbasi-1806,United States,Scales insurance and home-services pay-per-call and inbound lead gen.,Insurance / home services
153,A,Kim Howard,CFO @ WeCall,https://www.linkedin.com/in/kim-howard-458713255,United States,Finance owner of call economics. Slack ROI is a finance conversation.,Pay-per-call agency
154,A,Kimo Rawlins,Founder & CEO @ Apex Inbound Calls,https://www.linkedin.com/in/kimo-rawlins-a594b6230,,Sends pre-qualified FE inbound and live transfers from ads.,Insurance
155,A,Kirsty Middlemiss,Media Buyer @ Lead Surge,https://www.linkedin.com/in/kirstymiddlemiss,Massachusetts,Home-improvement media buyer who moved call tracking from DialogTech to Invoca.,Home services
156,A,Kirstyn Burns,Founder & CEO @ Adolicious,https://www.linkedin.com/in/kirstyn-burns-9962b819b,,PPC network founder routing campaigns on TrackDrive.,Insurance / legal / finance
157,A,Kris Barton,CEO @ Centerfield,https://www.linkedin.com/in/kbarton,CA,Runs Centerfield including inbound-call AI and Datalot marketplace.,Insurance / customer acquisition
158,A,Kurt Owen,Media Buyer at B-452,https://www.linkedin.com/in/the-ai-growth-pro,Florida,Orlando buyer running insurance and home-improvement call campaigns.,Insurance
159,A,Lauren Von Mingee,Founder & CEO @ Quintessa Marketing,https://www.linkedin.com/in/lauren-von-mingee-10776a17,OK,Legal/PI lead and call generation for law firms.,Legal
160,A,Laz Chavez,CEO & Co-Founder @ Gorilla Marketers,https://www.linkedin.com/in/lazaro-chavez-gorilla-marketers-inc,FL,High-intent inbound call generation agency.,Pay-per-call / lead gen
161,A,Leonardo Danconia,CEO & Co-Founder @ Inbounds.com,https://www.linkedin.com/in/leo-danconia,CA,Legal/insurance/finance inbound-call shop. Multi-channel reporting fit.,Legal / insurance / finance
162,A,Libby K.,Co-Founder @ Client Boost & EvolveTech,https://www.linkedin.com/in/libby-g-kramer,IN,Pay-per-call and inbound lead-gen co-founder.,Healthcare / property services
163,A,Lisa Mack,CEO @ MultiLinked Media,https://www.linkedin.com/in/lisa-mack-b8b6b71a6,Indiana,Buys inbound U65 FE home/auto insurance legal debt calls.,Insurance / finance / legal
164,A,Maaz Ali Khan,CEO @ Media Knights,https://www.linkedin.com/in/maazali6,,Runs PPC-driven warm transfers and inbound for ACA health life and debt.,Insurance
165,A,Maggie A,Programmatic Media Buyer @ Ad+genuity,https://www.linkedin.com/in/maggieakins,Colorado,Agency media buyer who ran campaigns in Invoca alongside Google Ads.,Multi
166,A,Marc Del Priore,Founder at TradeMarc Global / TM Global,https://www.linkedin.com/in/mca-aged-data,Pennsylvania,King of Prussia operator selling Google inbound calls and live transfers for insurance debt legal and home services,insurance
167,A,Mark Gundrum,Founder @ Kurios,https://www.linkedin.com/in/mark-gundrum-kurios,,Delivers exclusive live MVA transfers to PI intake teams.,Legal
168,A,Mark Palterovich,CEO @ Fuego Leads,https://www.linkedin.com/in/markpalterovich,OH,Owns websites and national campaigns to generate high-intent customer contacts.,Health insurance
169,A,Mason Hewitt,Co-Founder & CEO at Connect Streams,https://www.linkedin.com/in/mason-hewitt-9a9a383,South Carolina,Charleston founder turning leads into consumer-initiated inbound Medicare calls.,Insurance
170,A,Mateo Moore,CEO @ Quantum Leads Network,https://www.linkedin.com/in/mateo-moore-b181992b7,,Buys Medicare and other vertical calls on CPL/CPA.,Insurance
171,A,Matt Mockus,President ifficient,https://www.linkedin.com/in/matt-mockus-21366a178,Colorado,Denver president of a performance shop that buys and sells inbound calls,inbound
172,A,Matthew M.,Founder @ Mora Marketing,https://www.linkedin.com/in/matthew-morawa,,Insurance pay-per-call agency using Ringba plus Google/Meta/Taboola buying.,Insurance
173,A,Matthew Scott,Bid on Calls inbound buyer,https://www.linkedin.com/in/matthew-scott-171004311,United States,Buys ACA and FE inbound; posts payouts and seeks Google/TikTok media buyers.,Insurance
174,A,Matthew Zivkovic,Founder @ Lead Smart Inc.,https://www.linkedin.com/in/matthew-zivkovic-sr-622a2087,IL,Home-services pay-per-call buyer with thousands of calls/day.,Home services
175,A,Mavia Maqbool,Founder & CEO @ SkyReach BPO,https://www.linkedin.com/in/mavia-maqbool,,Medicare and FE CPA/CPL call and lead generation.,Insurance
176,A,Md Yasin Arafat,Founder & CEO @ DOPPCALL,https://www.linkedin.com/in/yasinpromarketer,United States,Pay-per-call network posting daily. Rehab legal insurance debt.,Rehab / legal / insurance
177,A,Michael Gustin,CEO @ Calltofic,https://www.linkedin.com/in/michaeltgustin,Colorado,Pay-per-call operator brokering and generating inbound calls with intent scoring.,Insurance / home services
178,A,Michael Lee,Owner at Business Growth Media Marketing,https://www.linkedin.com/in/michael-lee-2780b11,Massachusetts,Weymouth operator selling online pay-per-call (not PPC clicks) to MA personal-injury firms,legal
179,A,Mighty Inyang,Founder @ LeadSwitch / LiveReply,https://www.linkedin.com/in/mightyinyang,United States,15 years buying Meta/Google/PPC. Built a final-expense call network.,Insurance / finance
180,A,Mike Barreca,Media buyer using Ringba,https://www.linkedin.com/in/mikebarreca,California,Scaled multi-platform spend with Ringba call tracking for full revenue visibility.,Direct response / inbound
181,A,Mike Todd,President @ Calls By Brand,https://www.linkedin.com/in/mikewtodd,Nevada,Las Vegas inbound lead-gen shop specializing in pay-per-call programs.,Pay-per-call / inbound
182,A,Mike Uczciwek,Founder @ RingRingHello,https://www.linkedin.com/in/mike-uczciwek-7672594,,Delivers high-intent inbound calls for home services and health.,Home services / health
183,A,mikky Sharma,Senior media buyer — PPC / Medicare,https://www.linkedin.com/in/mikky-sharma-910a57134,United States,Medicare and PPCALL buyer across Google Bing Meta.,Medicare / flights
184,A,Mohammad M. Mamun,CEO @ Pay Per Call Program,https://www.linkedin.com/in/mohammad-m-mamun-345a642a1,NY,Oversees inbound call generation for home services insurance flights.,Home services / insurance / travel
185,A,Muhadis Khan,Founder & CEO @ Phoenix BPO,https://www.linkedin.com/in/muhadis-khan-683844171,,Generates Medicare FE auto and home insurance leads and live transfers.,Insurance
186,A,Muhammad Awais,Founder @ PrimePath Solutions BPO,https://www.linkedin.com/in/muhammad-awais-9572bb348,,Routes Medicare ACA live transfers on CPA CPL and pay-per-call.,Insurance
187,A,Muhammad Fahad Shahzad,Founder & CEO @ Webster Solution,https://www.linkedin.com/in/mark-webster97,IL,Buys/sells inbound calls: home services FE auto Medicare flights.,Insurance / home services / travel
188,A,Muhammad Hassam Maqsood,CEO @ Top Dog Leads,https://www.linkedin.com/in/muhammad-hassam-maqsood,Texas,Houston shop generating 30k+ FE Medicare solar live transfers.,Insurance / solar
189,A,Muhammad Tahir,Owner @ Expert Solution Media,https://www.linkedin.com/in/muhammad-tahir-5552182b6,AZ,Prequalified exclusive leads and live transfers; buys HVAC/pest inbound.,Home services / insurance
190,A,Muhib Ali Raza,Founder & CEO @ Edge One Communications,https://www.linkedin.com/in/muhib-ali-raza,Missouri,High-intent insurance calls: Medicare ACA auto home FE SSDI DME.,Insurance
191,A,Muteeb Malik,CEO & Founder @ Zero-X Advertising,https://www.linkedin.com/in/muteeb-malik-b69056321,Missouri,Insurance inbound/live-transfer shop listing Google Ads and call tracking.,Insurance
192,A,Nadav Slutzky,CEO Europe @ WeCall,https://www.linkedin.com/in/nadav-slutzky-60873553,Israel,Runs WeCall RTB budgets across in-app native and CTV for US healthcare.,Insurance / CTV
193,A,Nadiv E. Schorer Meiri,Founder at Upon Media / RingbaX,https://www.linkedin.com/in/nadivs,New York,NY founder who also runs RingbaX publisher partnerships moving inbound insurance and home-services calls,insurance
194,A,Nathan Kay,Founder & CEO @ Routix; ex-Blue Cord Marketing,https://www.linkedin.com/in/jnathankay,United States,PPC founder buying and selling exclusive inbound calls across insurance legal home services.,Insurance / legal / home services
195,A,Nathaniel Bradley,President 5 Mile Media,https://www.linkedin.com/in/nate5mm,California,Agoura Hills/Pasadena president of an agency with a pay-per-call practice,home_services
196,A,Nicholas Biundini,CEO at bought media,https://www.linkedin.com/in/nicholas-biundini-86740326b,Florida,Building a Miami pay-per-call shop for home services auto and ACA.,Insurance
197,A,Nick Lyons,Founder & CEO @ OmniLabs Marketing,https://www.linkedin.com/in/omnilabsmarketing,Florida,Built pay-per-call/PPL acquisition plus call-tracking reporting stack.,Pay-per-call / lead gen
198,A,Nick Wilson,Senior Media Buyer at WeGenerate,https://www.linkedin.com/in/nick-wilson-172756276,Florida,Miami media buyer whose expertise is lead gen and pay-per-call campaigns.,Insurance
199,A,Nikky Bernier,Founder @ Call Lynx / Powercat Media,https://www.linkedin.com/in/nikkybernier,Florida,Florida PPC operator for Medicare ACA FE and debt inbound calls.,Insurance / debt
200,A,Nir Algazy,Founder CEO Lead Buyer Hub,https://www.linkedin.com/in/nir-algazy,Nevada,Las Vegas founder buying exclusive inbound calls and transfers,inbound
201,A,Noah Rome,CEO Pay Per Call consulting,https://www.linkedin.com/in/noah-rome-19550b1ba,California,Anaheim CEO of a pay-per-call consulting shop,pay-per-call
202,A,Paige Favor,Founder @ PF Digital Media,https://www.linkedin.com/in/paigefavor,Florida,Agency paid-media founder who managed CallRail tracking with Google Ads reporting.,Multi
203,A,Patrick Menzel,Owner @ Internal Profits,https://www.linkedin.com/in/patrickmenzel,Arizona,Phoenix fractional CMO running Google Ads for trades and tracking every call.,Home services
204,A,Peter Brooke,CEO @ BrokerCalls / Blue Interactive / HealthPlusLife,https://www.linkedin.com/in/peterglennbrooke,FL,Florida PPC network across insurance home services finance flights.,Insurance / home services / finance
205,A,Peter Day,CEO @ Optimize to Convert,https://www.linkedin.com/in/peterday448,Massachusetts,West Springfield shop generating consumer-initiated inbound PPC at scale.,Pay-per-call / multi
206,A,Peter Klein,President & Founder at AdMediary,https://www.linkedin.com/in/presidentpeterklein,New York,Plainview founder of a phone-and-web lead shop selling insurance solar mass-tort and home-improvement calls,legal
207,A,Peyton Goodrich,CEO & Founder @ Assured Health Marketing,https://www.linkedin.com/in/peyton-goodrich-b0261321b,Florida,Pay-per-call and lead-gen for health/life insurance.,Insurance
208,A,Phil Rosenthal,Owner @ Peak Advertising,https://www.linkedin.com/in/phil-rosenthal-8a557a12,CA,Performance shop generating online calls leads via pay-per-call and other media.,Pay-per-call / lead gen
209,A,Philip Ellis,Owner @ Roundhouse Digital Marketing,https://www.linkedin.com/in/philipellis,Texas,Contractor Google Ads agency selling call tracking CRM and exclusive inbound jobs.,Home services
210,A,Ramiro Martinez,President @ Pay Per Call Store,https://www.linkedin.com/in/ramiro-martinez-0a599946,IL,Runs Pay Per Call Store. Home-services inbound operator.,Home services
211,A,REDA AHLOUCHE,President @ EDM Lead Network,https://www.linkedin.com/in/reda-ahlouche-381840a2,AZ,Runs EDM insurance/finance/home-services/legal/travel lead-call network.,Insurance / finance / home services / legal
212,A,Richard P,Owner @ Digi Call Network,https://www.linkedin.com/in/richard-p-a439a7140,California,Inbound and RTB for ACA Medicare debt plus ping/post.,Insurance / debt / home services
213,A,Ripon Kumar,Founder & CEO @ Ray Advertising,https://www.linkedin.com/in/riponkumarofficial,United States,Insurance and home-services customer acquisition via inbound calls.,ACA / FE / auto / HVAC
214,A,Rob Houglum,Founder & CEO @ Lead Link Media,https://www.linkedin.com/in/robhouglum,FL,Long-running home-services pay-per-call shop in Miami.,Auto glass / HVAC / home services
215,A,Ronnie N McCallister,CEO @ CALLERS LLC,https://www.linkedin.com/in/ronnie-n-mccallister-276435192,KY,Live transfers and paid-ad leads for FE ACA Medicare tax credit.,Insurance
216,A,Ryan Gruenwald,Owner @ AdHawk Media,https://www.linkedin.com/in/ryangruenwald,Ohio,Runs pay-per-call plus affiliate/media buying shop.,Pay-per-call / affiliate
217,A,Ryan Harrington,Revenue Operations Manager at HealthPlanOne,https://www.linkedin.com/in/ryan-harrington-40a956162,Connecticut,Trumbull affiliate onboarding and campaign-performance owner for Medicare acquisition,insurance
218,A,Saad Dilbar,Co-Founder & Director @ First Call Solutions,https://www.linkedin.com/in/saad-dilbar-489447147,,Manages PPC inbound/outbound for insurance healthcare home services legal.,Insurance / home services / legal
219,A,Saad shahzad,Owner & BD @ Webster Solution,https://www.linkedin.com/in/saad-shahzad-394534213,IL,Inbound calls live transfers for insurance home services finance flights.,Insurance / home services / finance
220,A,Sachin Ghavali,Founder & CEO @ Revenue Click Media,https://www.linkedin.com/in/sachin-ghavali-9901ba126,United States,Affiliate network running PPCall for auto ACA FE Medicare SSDI and home services.,Insurance / home services
221,A,Sakshi Gupta,Affiliate media buyer (ACA / FE inbound),https://www.linkedin.com/in/sakshi-gupta2023,United States,Google/Meta buyer focused on ACA and final-expense inbound calls.,Insurance
222,A,Sami M,CEO @ Link Call Network,https://www.linkedin.com/in/sami-m-738476249,WI,Sells FE and home-services live transfers from O&O properties.,Insurance / home services
223,A,Sami Malik,CEO & Founder @ Sam's BPO,https://www.linkedin.com/in/sami-malik-421351259,,Generates FE Medicare ACA auto live transfers and pay-per-call.,Insurance
224,A,Samiq Abbas,Founder at Call Squad Media,https://www.linkedin.com/in/samiqabbasshah,Texas,Austin founder generating Medicare inbound calls and live transfers.,Insurance
225,A,Santiago Romero,Founder @ Sherpa Digital,https://www.linkedin.com/in/srome1,Florida,Generates FE U65 Medicare ACA addiction inbound calls via Meta/Google.,Insurance / rehab
226,A,Sarai Ramirez,Media buyer / hiring Ringba setup @ VenziMedia,https://www.linkedin.com/in/sarai-ramirez-3622b927a,,Hiring Ringba campaign/RTB setup; runs paid media that needs call plus spend reporting.,Pay-per-call / performance
227,A,Seth Gottlieb,Co-Founder & President @ What If Media Group,https://www.linkedin.com/in/sgott,NJ,Co-founded performance marketing group that monetizes first-party traffic.,Performance / customer acquisition
228,A,Seth Pikus,CEO @ Lead Smart Inc.,https://www.linkedin.com/in/seth-pikus-0a8702214,Illinois,Vernon Hills operator of Lead Smart inbound-call buying.,Home services
229,A,Sevin Garret,Owner @ Inboundcore.com,https://www.linkedin.com/in/sevin-garret-970858342,,Generates FE and Medicare inbound calls and live transfers.,Insurance
230,A,Shahar Almog,Founder & CEO @ RENOVETT,https://www.linkedin.com/in/shahar-almog-63301948,United States,Home-services pay-per-call founder generating HVAC roofing restoration calls.,HVAC / roofing / restoration
231,A,Shahzain Ali,Founder & CEO @ NextStar Insurance,https://www.linkedin.com/in/shahzainalinextstarinsurancellc,,Pay-per-call buyer/seller of ACA Medicare FE mass-tort live transfers.,Insurance / legal
232,A,Stan Burns,Founder at Live Calls Network / SELECT Advertising,https://www.linkedin.com/in/stan-burns-8a7786,Maryland,Bethesda founder of an inbound-call ad network for legal healthcare insurance and home services,legal
233,A,Stephanie Grainger Thomas,CEO @ QSS America,https://www.linkedin.com/in/qssamerica,TN,Affiliate network with inbound/outbound and pay-per-call programs.,Lead gen / call center
234,A,Stephen Stepanik,CTO @ Ringlab Media,https://www.linkedin.com/in/stephenstepanik,LA,Tech owner of Ringlab inbound/transfer call campaigns.,Travel / home services
235,A,Syed Momin,Co-Founder @ CallZone BPO Solutions,https://www.linkedin.com/in/syed-momin-0a2a24298,United States,Scales inbound PPC live transfers for ACA Medicare FE SSDI auto and DME.,Insurance
236,A,Tahir Shah,Founder & CEO @ OneLife Marketing Solutions,https://www.linkedin.com/in/realtahirshah1,,TCPA-compliant live transfers and high-intent inbound for Medicare FE ACA.,Insurance
237,A,Talat Razeeq,CEO @ Lead4s,https://www.linkedin.com/in/talatrazeeq,NV,Exclusive inbound PPC/CPL using Ringba Leadspedia TrackDrive.,Home services / solar / insurance / legal
238,A,Taleatha Mommsen,Founder @ MiliMediaLLC,https://www.linkedin.com/in/taleatha-mommsen-97111478,Louisiana,Medicare FE insurance lead gen and pay-per-call. Ex-Henry Ads PPC director.,Insurance
239,A,Tanveer Baig,CEO @ TB Services LLC,https://www.linkedin.com/in/tanveer-baig-bba69a292,,Buys Medicare and ACA publisher traffic and call-center volume.,Insurance
240,A,Tanvirul Haidary,CEO @ D-calls.com,https://www.linkedin.com/in/highbrowsolution,Illinois,Built D-calls.com as a pay-per-call marketplace.,Pay-per-call network
241,A,Tariq Salim,Medicare media buyer,https://www.linkedin.com/in/tariq-salim-718b3127a,,Scaled Medicare enrollment campaigns from 1k to 10k daily calls.,Insurance
242,A,Todd Stearn,CEO & Founder @ Aragon Advertising,https://www.linkedin.com/in/toddjaredstearn,NY,#1 ranked pay-per-call network. Internal media buying + publishers.,Insurance / home services / finance
243,A,Travis Prouty,CEO @ The Call Gurus,https://www.linkedin.com/in/travis-prouty-b12111a2,AZ,BPO with pay-per-call lead routing; ASE Pay Per Call Forum speaker.,Pay-per-call / BPO
244,A,Trevor Bryan,Founder @ CallBridge Media,https://www.linkedin.com/in/trevor-bryan-70236035a,United States,Exclusive-inbound-call shop. Early enough that Slack ROI is an easy win.,Pay-per-call
245,A,Trevor Larsen,Founder CEO Scale Profits Now,https://www.linkedin.com/in/larsentrevor,Arizona,Phoenix founder scaling inbound-call and pay-per-call campaigns,finance
246,A,Tyler Heidbrink,Media Buyer @ Innovation Direct Group,https://www.linkedin.com/in/tyler-heidbrink-12587121b,FL,In-house IDG media buyer for insurance acquisition.,Insurance
247,A,Tyler Morgan,President @ Dream World BPO,https://www.linkedin.com/in/tyler-morgan-3bb707266,,Sells roofing windows bath and water-damage inbound for home services.,Home services
248,A,Tyler Norling,CEO @ FlightCalls.com,https://www.linkedin.com/in/tylernorling,ND,Pay-per-call affiliate program for flight inbound calls.,Travel
249,A,Umar Bin Azeem,CEO @ Alpha Solutions LLC,https://www.linkedin.com/in/umar-bin-azeem-47032518a,,Sells inbound and live transfers for Medicare ACA FE and auto.,Insurance
250,A,Usman Javed,Founder @ Grovlabs,https://www.linkedin.com/in/usman-javed-64983925b,Missouri,Pay-per-call network: ACA Medicare FE SSDI MVA auto home home services.,Insurance / home services
251,A,Vincent Tobiaz,Agency owner (PPC + call tracking),https://www.linkedin.com/in/vincenttobiaz,Florida,Runs Google Ads with DNI/CallRail-class call attribution across medical and insurance.,Healthcare / insurance
252,A,Viv Wal,Co-Founder & CEO @ Callflowmarket,https://www.linkedin.com/in/viv-wal-32175226a,United States,Managed pay-per-call network across insurance legal debt home services travel.,Insurance / legal / debt / home services
253,A,Vlad Raush,Co-Founder & Managing Director @ Scale Calls,https://www.linkedin.com/in/vlad-raush,FL,Manages multi-million marketing budget at Scale Calls LLC.,Pay-per-call
254,A,Waqas Ahmed,Founder & CEO @ Transcon BPO,https://www.linkedin.com/in/waqas-ahmed-508216267,Missouri,Columbia MO BPO selling Medicare FE auto home insurance warm transfers.,Insurance
255,A,William Caton,Senior Digital Media Buyer @ The frank Agency,https://www.linkedin.com/in/williamcaton,,Used DialogTech and Marchex DNI call tracking on agency media buys.,Multi
256,A,William zang,Founder @ TruLeads INC,https://www.linkedin.com/in/william-zang-2b874320,,Generates high-intent leads via customized online media buying.,Lead gen / performance
257,A,Zachary Ramirez,Founder & CEO @ Calldrive,https://www.linkedin.com/in/zacharyramirez,TX,High-volume PPC operator with custom telecom stack and 100k+ transfers/month.,Tax / debt / lending / insurance / home services
258,A,Zia Ur Rehman,Founder @ Vexel Scales,https://www.linkedin.com/in/zia-vexel,Texas,Google Ads plus US-hours inbound call ops for HVAC roofing and med spa.,Home services / healthcare
259,B,A.B.M. Jakaria Sarkar,Affiliate Manager @ Pay Per Call Program,https://www.linkedin.com/in/abmjakariasarkar,,Places legal insurance FE debt inbound campaigns for a NYC PPC network.,Legal / insurance
260,B,Aaron Jerez,Pay-per-call operator (Ringba + Retreaver),https://www.linkedin.com/in/aaronjerez,,Runs Google/Meta pay-per-call with Ringba/Retreaver tracking across Medicare FE auto ACA.,Insurance
261,B,Abdul Kareem Qammar,SVP @ Digital Telemarketing Solution,https://www.linkedin.com/in/abdul-kareem-qammar-285b22182,,Builds Medicare ACA auto and FE inbound and warm transfers.,Insurance
262,B,Abdul Rehman,Insurance call buyer,https://www.linkedin.com/in/abdul-rehman-6004a426b,,Publicly buying ACA Medicare FE and debt calls.,Insurance / debt
263,B,Aby Abraham,CTO @ UNIK Media Group,https://www.linkedin.com/in/abyabraham93,FL,Built pay-per-call tech training and Facebook media-buying programs.,Insurance / pay-per-call
264,B,Adam Smith,Director of Publisher Management at Massive & Company,https://www.linkedin.com/in/adamsmithjulian,Texas,Houston publisher manager sourcing CTV inbound final-expense calls.,Insurance
265,B,Adil Hussain,Google Ads / CallRail specialist,https://www.linkedin.com/in/adil-hussain-609b66227,,Sets CallRail on Google Ads call campaigns for home-improvement lead gen.,Home services
266,B,Adrian Baker,VP Digi-Advert,https://www.linkedin.com/in/adrian-baker-06b598274,Utah,Digi-Advert VP running PPC live-transfer call-center ops,insurance
267,B,Adrian Watson,Paid media lead (Google Ads + Invoca),https://www.linkedin.com/in/adrian-watson-11219578,,Manages multi-channel paid ads and Invoca call tracking for healthcare clients.,Healthcare
268,B,Ahmad Yaseen,Paid search + CTM attribution (legal),https://www.linkedin.com/in/ahmad-j-yaseen,,Runs Google/Meta Ads with CTM flows DNI and offline conversion uploads for US legal.,Legal
269,B,Alamgir Kabir Rusad,Sales @ Pay Per Call Program,https://www.linkedin.com/in/alamgirrusad,New York,Sells inbound and transfer campaigns for a NYC pay-per-call network.,Home services / insurance
270,B,Alan Waggoner,Paid search strategist (healthcare),https://www.linkedin.com/in/alan-waggoner,,Built CallRail tracking for a 30-location dental group while managing Google Ads.,Healthcare
271,B,Alec Stearn,Chief Growth Officer @ The Aragon Company,https://www.linkedin.com/in/alec-stearn-730118148,NY,Aragon growth + former affiliate manager. Scales inbound call supply.,Pay-per-call / affiliate
272,B,Aleksandar Petrovic,Director of Business Development @ BrokerCalls,https://www.linkedin.com/in/alekspetrovic4,FL,Buys/sells FE Medicare ACA U65 and flight inbound calls.,Insurance / travel
273,B,Alex Berk,Paid media director (Google Ads + CallRail),https://www.linkedin.com/in/alex-berk-5a325821a,,Directs $1M+/mo Google/LSA spend and trains teams on CallRail call intelligence.,Home services / multi
274,B,Alex Kurochkin,VP Sales Marketcall,https://www.linkedin.com/in/alexkurochkin,California,Pasadena sales lead at a pay-per-call affiliate network,performance
275,B,Alexa Dillon,VP Paid Search @ Basis,https://www.linkedin.com/in/alexadillon,,Invoca-certified paid-search leader running Google/Microsoft media-buyer teams.,Multi
276,B,Alexander Babenchuk,Agency operator (legal + medical),https://www.linkedin.com/in/alexbaben,,Runs paid media plus CallRail/Intaker call tracking for PI and medical practices.,Legal / healthcare
277,B,Alexander Hemedinger,Affiliate Marketing Manager @ WeCall,https://www.linkedin.com/in/ahemedinger,United States,Ran Medicare/ACA publisher programs and internal pest-control media buying.,Insurance / pest
278,B,Alexander Shkarupa,VP Ops @ Marketcall,https://www.linkedin.com/in/alex-shkarupa,CA,Grows Marketcall media-buying team and affiliate tools. Lives in inbound-call reporting.,Insurance / finance / home services
279,B,Alexandra Avalos,Head of Strategic Partnerships at WeGenerate,https://www.linkedin.com/in/alexandra-avalos-6bb1b6185,Florida,Miami partnerships lead at a shop generating Medicare ACA and auto call LTV.,Insurance
280,B,Alexandria Alford,Paid media + Invoca,https://www.linkedin.com/in/alexalford,,Lists Google Ads Microsoft Ads and Invoca on paid-media lead-gen work.,Multi
281,B,Alyssa Garcia,Affiliate Manager @ ifficient,https://www.linkedin.com/in/alyssa-garcia-656346145,CO,Buys/sells Medicare MVA ACA debt SSDI FE auto home-services inbound calls.,Insurance / legal / home services
282,B,Amanda Neff,Director of Affiliate Relations @ Convert2Media,https://www.linkedin.com/in/amandaneffconvert2media,IN,Long-tenured affiliate relations at performance network.,Performance / affiliate
283,B,Amanda S.,Paid search lead (Hunter Douglas brands),https://www.linkedin.com/in/amandasheiman,Florida,Manages Google/Bing SEM and Invoca as a call-tracking vendor on home-services brands.,Home services
284,B,Amit Biswas,Google Ads + CallRail tracking specialist,https://www.linkedin.com/in/amitbiswas23,,Implements CallRail DNI and Google Ads call-conversion tracking for clients.,Multi
285,B,Andrew Buto,SVP Sales at Legal Advocate Group,https://www.linkedin.com/in/andrew-buto,Pennsylvania,Shohola sales lead with 9+ years selling pay-per-call to law firms after eLocal,legal
286,B,Andrew Gold,VP Publisher Development at What If Media Group,https://www.linkedin.com/in/andrew-gold-06a96753,New York,Manages call-focused publisher supply after running Datalot media partnerships in Brooklyn,insurance
287,B,Andrew Klayman,Chief Sales Officer @ What If Media Group,https://www.linkedin.com/in/andrew-klayman-2554628,NJ,Buys media CPA/CPC/CPM across email display mobile search for WIMG.,Performance media
288,B,Andrew Merchant,Affiliate Operations Coordinator at eLocal,https://www.linkedin.com/in/andrew-r-merchant,Pennsylvania,Conshohocken affiliate ops watching call quality compliance and ROI across eLocal campaigns,home services
289,B,Andrew Stubenrauch,Director of Business Development at AdMediary,https://www.linkedin.com/in/andrew-stubenrauch-a3b317204,New York,Woodbury BD selling AdMediary originated legal calls and leads not resold traffic,legal
290,B,Andy Laws,Director of Media Buying @ Centerfield,https://www.linkedin.com/in/andy-laws-59b710169,CA,Directs media buying at Centerfield Corporation.,Insurance
291,B,Anellisa Paulson,Partnerships consultant (Astrafuse / PPC),https://www.linkedin.com/in/anellisa-paulson-ba9883202,,Buys and sells Medicare FE ACA debt and home-warranty calls; Ringba/Leadspedia user.,Insurance / debt
292,B,Angelica Romero,Affiliate Manager @ Marketcall,https://www.linkedin.com/in/angelicamromerohernandez,MA,Entered PPC as Marketcall affiliate manager. Publisher reporting is the job.,Pay-per-call network
293,B,Ankit Jain,Operator @ BMI Ads,https://www.linkedin.com/in/ankit-jain-874249b6,,16-year shop delivering ACA Medicare auto SSDI inbound; Contact.io regular.,Insurance
294,B,Anmol Arora,Affiliate Manager @ Namastey Network,https://www.linkedin.com/in/anmol-arora-857387214,United States,Hands-on Ringba campaign setup routing and inbound/transfer monetization.,Insurance / debt / home services
295,B,Anthony Stout,Lead generation operator at Direct Marketing Media,https://www.linkedin.com/in/anthony-stout-582a12170,North Carolina,Charlotte operator running verified lead-gen and pay-per-call campaigns since 2008.,Mixed
296,B,Aqib Ali,Medicare / ACA call buyer,https://www.linkedin.com/in/aqib-ali-1674b6378,,Publicly buying Medicare CPA and CPL transfer calls.,Insurance
297,B,Arda Savas,Partnerships @ Lead Gate Media,https://www.linkedin.com/in/ardasavas,United States,Generates Google auto-insurance inbound and buys publisher call supply.,Insurance
298,B,Ariel Tolome,PPC operator (Ringba Retreaver TrackDrive),https://www.linkedin.com/in/arieltolome,United States,Insurance home-services legal call buyer-operator. Stack matches your logo row.,Insurance / home services / legal
299,B,Ariful Islam,Operator @ MutualCall,https://www.linkedin.com/in/ariful-promarketer,,Buys and sells customer-initiated roofing bath plumbing and flight inbound.,Home services / travel
300,B,Asad Jeelani,Operator @ Teleworth Communications,https://www.linkedin.com/in/asad-jeelani-94ba55201,,Inbound and live-transfer delivery for Medicare ACA FE debt and mass tort.,Insurance / legal
301,B,Ateeq Khan,Executive Director @ Smart Leads BPO,https://www.linkedin.com/in/ateeq-khan-28641a217,Missouri,Lees Summit FE Medicare MVA and auto pay-per-call operator.,Insurance
302,B,Atif Hummad,High-volume inbound-call buyer,https://www.linkedin.com/in/atif-hummad-0598281b4,,National buyer of U65 Medicare FE home-services and auto inbound.,Insurance / home services
303,B,Aynal Hoque,Google Ads + CallRail DNI (legal),https://www.linkedin.com/in/aynalhoque,,Built Google Ads plus CallRail DNI for a US law firm so keywords map to calls.,Legal
304,B,Barbara Chen-Hemmings,Managing Partner at One Pillarmark Media,https://www.linkedin.com/in/barbara-chen-hemmings-7117bb301,Florida,Manages pay-per-call insurance campaigns and buyer partnerships.,Insurance
305,B,Ben Collett,Paid search (Google Ads + Ringba),https://www.linkedin.com/in/ben-collett,California,Runs Google/LSA plus Ringba call tracking for home-services lead gen.,Home services
306,B,Ben Saida,Paid Advertising Manager @ Wilshire Law Firm,https://www.linkedin.com/in/bensaida,California,Owns Google/Meta/CTV plus CallRail attribution; previously PPC for 150+ PI firms.,Legal
307,B,Bhawna S. Balchandani,Operator @ Namastey Network,https://www.linkedin.com/in/bhawnabalchandani,,Affiliate network expanding into US pay-per-call; buys and sells auto home flight health Medicare calls.,Insurance / travel / home services
308,B,Brad Hill,Live Calls Network operator,https://www.linkedin.com/in/bradhill1,Maryland,Generated $4M with 125 publishers on lead-gen and pay-per-call campaigns.,Insurance / home services / legal
309,B,Brandon Ente,Affiliate Manager at RevenueAds,https://www.linkedin.com/in/brandon-ente-20025b2b4,Oklahoma,Recruits publishers into an Oklahoma City pay-per-call and lead network.,Performance
310,B,Brian Appel,Pay-per-call operator @ Medialot,https://www.linkedin.com/in/appelbrian,,O&O insurance pay-per-call traffic; Medicare and auto inbound.,Insurance
311,B,Brian Audley,Digital Media Lead at Fluent,https://www.linkedin.com/in/brianaudley,New York,Brooklyn Fluent operator with $50M+ spend including call-based Medicare/ACA acquisition,insurance
312,B,Brian Dominguez,CRO/CTO @ Calls By Brand,https://www.linkedin.com/in/briangdominguez,NV,Leads revenue and call-routing tech for inbound PPCall marketplace.,Insurance
313,B,Bryan Fermino,Director of Calls @ QuinStreet,https://www.linkedin.com/in/bryan-fermino-722595187,Texas,Austin lead for QuinStreet inbound-call and franchise sales.,Insurance / home services
314,B,Camille Angeles,Sales Representative @ Outperform Agency,https://www.linkedin.com/in/camille-angeles-35bb6120a,FL,Sells hot inbound pay-per-call traffic from Naples PPC shop.,Pay-per-call
315,B,Chad Lovell,Insurance ops / P&L @ Centerfield Datalot,https://www.linkedin.com/in/chadlovell,CA,Balances $200M+ media and 25k+ daily calls across insurance lines.,Insurance
316,B,Chani Edelstein,EVP @ BH Direct / 1800PayPerCall,https://www.linkedin.com/in/chani-edelstein-8b495331,CA,20-year performance agency focused on driving phone calls for brands.,Home services / brand PPC
317,B,Charlie Morgan,SVP Voice Monetization at What If Media Group,https://www.linkedin.com/in/charlie-morgan-2167a017,New York,Owns call/voice monetization for a Fort Lee performance shop that buys and sells inbound calls,insurance
318,B,Charlotte Delacroix,Pay Per Call Marketing Manager at Best Case Leads,https://www.linkedin.com/in/charlotte-delacroix-1ba254282,Louisiana,New Orleans manager buying and selling legal inbound calls.,Legal
319,B,Charlotte Tran,Marketing Specialist @ Calldrive,https://www.linkedin.com/in/charlotte-tran-15a07b117,TX,Call reviews campaign analysis and inbound-call QA.,Pay-per-call
320,B,Chaudhari Abdullah,Head of Media Buying @ Billy.com,https://www.linkedin.com/in/ch-abdullah,,Leads Billy media-buying team for inbound call generation.,Pay-per-call / media buying
321,B,Chris Roberts,Managing Director @ Legal Advocate Group,https://www.linkedin.com/in/chris-roberts-9b5a2713,New York,Direct-response / pay-per-call for home services mass tort PI. Ex-AdMediary.,Legal / home services
322,B,Christian Diaz,Operator @ EDM Lead Network,https://www.linkedin.com/in/christian-diaz-227113275,,EDM teammate promoting pay-per-call inbound at Contact.io.,Insurance
323,B,Christopher Annis,Performance marketer (ex-Invoca stack),https://www.linkedin.com/in/christopherjannis,,Bought health-insurance leads/calls on Cake/Invoca then moved stacks.,Insurance
324,B,Christopher Cline,COO @ CallCore Media,https://www.linkedin.com/in/christophercline1,Florida,2x Ringba GOAT; uses Ringba Five9 YTEL while running Medicare/solar media buying.,Insurance / solar / education
325,B,Clyde Bosch,Pay Per Call Sales Specialist,https://www.linkedin.com/in/clyde-bosch-375879114,Washington,Issaquah specialist selling in-house and publisher pay-per-call traffic,pay-per-call
326,B,Dan Osadchiy,Affiliate Account Manager @ Marketcall,https://www.linkedin.com/in/dan-osadchiy-0a683720a,United States,Day-to-day Marketcall affiliate reporting. Tool buyer or champion.,Pay-per-call network
327,B,Daniel Altman,SVP Marketing @ Fuego Leads,https://www.linkedin.com/in/danaltman,Ohio,Owns performance marketing for a Columbus Medicare call marketplace.,Insurance / Medicare
328,B,Danny Trejo,Founding Member @ Next Call Club,https://www.linkedin.com/in/danny-trejo,GA,Co-founded Next Call Club lead-gen and telemarketing for P&C agencies.,Insurance
329,B,Darin Johns,Auto-insurance inbound buyer/seller,https://www.linkedin.com/in/darin-johns-88b862174,,Seeking shops that consume consumer-initiated auto-insurance inbound.,Insurance
330,B,Daryl Goldstein,Pay-per-call marketer for insurance verticals,https://www.linkedin.com/in/darylgoldstein,Georgia,Atlanta operator generating in-house inbound calls for Medicare U65 and auto.,Insurance
331,B,David Evans,Inbound-call buyer @ DaBella,https://www.linkedin.com/in/david-evans-6784aa7,Oregon,Contact.io buyer looking for roofing windows siding inbound and live transfers.,Home services
332,B,David Lukac,Operator @ EndZone / Twinlink,https://www.linkedin.com/in/david-lukac-848477214,,Sells qualified inbound insurance calls with IVR routing (distinct from Outperform).,Insurance
333,B,David Quiec,Operator @ Enginefish,https://www.linkedin.com/in/davidquiec,California,Palo Alto O&O inbound-call gen for insurance home services and legal.,Insurance / home services / legal
334,B,David Stock,VP LeadGen Compliance QA @ BrokerCalls / HealthPlusLife,https://www.linkedin.com/in/davidestock,FL,Ran BrokerCalls lead-gen compliance and QA for inbound programs.,Insurance
335,B,Denine Del Priore,Inbound Call Lead Gen at MDP Consulting / TradeMarc,https://www.linkedin.com/in/pay-per-call-leads,Pennsylvania,Philadelphia seller of Google/Meta/TV inbound calls billed on qualified duration,insurance
336,B,Devale Johnson,Agency Sales @ Datalot / Centerfield,https://www.linkedin.com/in/devale-johnson-b87b5a106,,Sells exclusive live insurance call transfers to agencies.,Insurance
337,B,Diane Perez,Affiliate Marketing Manager at Ping Call,https://www.linkedin.com/in/diane-perez-6b448b233,New York,NY affiliate manager publicly buying ACA auto Medicare and debt inbound calls,insurance
338,B,Donald Brown,Google Ads strategist (CallRail DNI),https://www.linkedin.com/in/donald-brown-29b521131,,Used CallRail DNI to tag calls and optimize Google Ads for dental and home services.,Home services / healthcare
339,B,Doug Johnson,VP Demand Call Solutions at Fluent,https://www.linkedin.com/in/dougejohnson,New York,Ran Fluent's call-solutions demand desk for Medicare and ACA buyer capacity,insurance
340,B,Edward Shakur,Operator at CallstarLLC,https://www.linkedin.com/in/edward-shakur-a80b602a7,Georgia,Atlanta marketer at a pay-per-call shop connecting callers to businesses.,Performance
341,B,Evan Harris,Paid media & affiliate partnerships @ Datalot,https://www.linkedin.com/in/evan-s-harris,,Oversaw paid media buying and affiliate media partnerships at Datalot.,Insurance
342,B,Fadi Agour,Leader @ Best Case Leads / RPM,https://www.linkedin.com/in/fadiagour,Texas,Inc. 5000 pay-per-call for legal mass torts insurance finance home services.,Legal / insurance / finance / home services
343,B,Fahad Ahmed,Operator @ Urban Leads LLC,https://www.linkedin.com/in/fahad-ahmed-655653248,,Sells FE SSDI ACA and auto live transfers from compliant traffic.,Insurance
344,B,Farzin E.,Health / Medicare marketplace operator,https://www.linkedin.com/in/espahani,,Scaled Health and Medicare via affiliate pay-per-call calls and leads.,Insurance
345,B,Fatima Al-mazrui,Principal Managing Partner @ Pay Per Call Global,https://www.linkedin.com/in/fatima-al-mazrui%e2%ad%90%ef%b8%8f-095431108,Illinois,Chicago PPC network across insurance debt finance home services and legal.,Insurance / debt / home services / legal
346,B,Fiona Shelby,CMO @ Leadbait,https://www.linkedin.com/in/fiona-shelby-7732991b2,Colorado,Boulder shop running inbound and outbound FE and Medicare calling.,Insurance
347,B,Gary Sadowski,National Pay-Per-Call Director @ Searcholo.com,https://www.linkedin.com/in/gary-sadowski-74a43510,Kentucky,National PPC director; Bowling Green State / Ohio-trained operator.,Pay-per-call
348,B,George Aguilar,Performance marketer (Google Ads + CallRail),https://www.linkedin.com/in/george-aguilar,,Connects Google Ads to CallRail DNI and intake for legal and tax-relief call quality.,Legal / finance
349,B,Gerardo Ospina,Paid ads leader @ Market My Market,https://www.linkedin.com/in/gerardo-ospina-96b073135,Florida,Built a legal/home-services paid-search dept using CallRail GTM and Google Ads offline conversions.,Legal / home services
350,B,Ghulam Mustafa,Paid marketing lead @ Omni Premier,https://www.linkedin.com/in/gm81684,Colorado,Google/Meta ads for dental and HVAC with WhatConverts conversion tracking.,Healthcare / home services
351,B,Gian Franco Garcia,Buyer Relations @ ifficient,https://www.linkedin.com/in/gian-franco-garcia-93067a1ba,,Buys and sells ACA FE auto Medicare inbound and transfers.,Insurance
352,B,Goodluck Makule,Google Ads + WhatConverts specialist,https://www.linkedin.com/in/goodluck-makule-871982217,,Tracks Google Ads leads through WhatConverts and GHL for call/form attribution.,Multi
353,B,Gretthel L.,Paid search lead (500+ law firms),https://www.linkedin.com/in/gretthel-luna-r,,Integrated CallRail GHL and Google Ads so legal PPC bids on real conversion data.,Legal
354,B,Haley Grable,Business Development @ UNIK Media Group,https://www.linkedin.com/in/haley-grable-b34293b4,Florida,Sells exclusive inbound via UNIK and Callers.io for FE and Medicare.,Insurance
355,B,Harsh Vardhan Singh,Operator @ Ringlab Media,https://www.linkedin.com/in/harsh-vardhan-singh-b11b7b320,,Ringlab Contact.io seller of travel and home-services inbound.,Travel / home services
356,B,Haseeb Zulfiqar,Pay-per-call specialist @ Lead Smart Inc.,https://www.linkedin.com/in/haseeb-zulfiqar-376643343,Illinois,Uses Ringba and Invoca for legal insurance and home-services inbound routing.,Legal / insurance / home services
357,B,Heather N. Quinlisk,Senior Marketing Manager formerly Affiliate Partner Manager at eLocal,https://www.linkedin.com/in/heatherquinlisk,Pennsylvania,Philadelphia marketer who ran eLocal affiliate partner intake for pay-per-call,home services
358,B,Hector Cabral,SVP 5 Mile Media,https://www.linkedin.com/in/hector-cabral-9ab4a117,California,Pasadena SVP at a cost-per-call performance agency,home_services
359,B,Henry Bell,Google Ads & attribution strategist,https://www.linkedin.com/in/henry-bell-941690101,,Connects CallRail Google Ads and Clio so legal keywords map to signed cases.,Legal
360,B,Jack Hinson,FMO / Medicare warm-transfer operator,https://www.linkedin.com/in/jack-hinson-2907b730,,Built call-center ops delivering 20k+ Medicare FE warm transfers.,Insurance
361,B,Jaime Morales,Medicare inbound operator @ Gorilla Marketers,https://www.linkedin.com/in/jaimemoralesofficial,Illinois,Chicago seller of Medicare and Spanish inbound calls generated in-house.,Insurance
362,B,Jake Sheppard,Chief Product Officer at Aragon Advertising,https://www.linkedin.com/in/jakesheppard,New York,Aragon CPO in Brooklyn building call routing and Aria outcome tracking on top of PPC volume,home services
363,B,James Bennett,Marketing contractor @ Quintessa / legal PPC,https://www.linkedin.com/in/james-basic,Oklahoma,Ran legal pay-per-call and insurance inbound Meta/YouTube campaigns.,Legal / insurance
364,B,James Ellery Graham,BD Specialist @ ifficient,https://www.linkedin.com/in/james-ellery-graham-jr-a172272a9,,Buys and sells legal insurance and home-services inbound and transfers.,Insurance / legal / home services
365,B,James Reupert Umerez,Analyst at iClickInteractive,https://www.linkedin.com/in/jumerez,Georgia,Atlanta analyst running affiliate pay-per-call inbound and live-transfer campaigns.,Insurance
366,B,Jamie Lipski,Director of Pay Per Call (Invoca),https://www.linkedin.com/in/jamie-lipski-395043134,,Runs Invoca pay-per-call routing and optimization for inbound campaigns.,Insurance / pay-per-call
367,B,Jamie Sutton,CSO Local Hero / Visiqua,https://www.linkedin.com/in/jamiesutton,Colorado,Boulder strategy lead for Visiqua call/lead marketplace,performance
368,B,Jason Jeune,Account Executive @ One Pillarmark Media,https://www.linkedin.com/in/jason-jeune-ba42582b9,United States,Sells ACA U65 FE and auto pay-per-call; posted 350+ ACA transfers/day.,Insurance
369,B,Jasper S.,Inbound Medicare Calls,https://www.linkedin.com/in/jasper-s-4a15b7171,Colorado,Denver operator buying/selling Medicare inbound calls and transfers,medicare
370,B,Jay Abraham,Operator @ STRM Digital,https://www.linkedin.com/in/jay-abraham-ba318b21b,,Routes live inbound for FE Medicare ACA and debt; LeadsCon regular.,Insurance / debt
371,B,Jedidiah Dodds,Senior performance marketer,https://www.linkedin.com/in/jedidiahdodds,,Builds Google Ads programs with call tracking CRM and offline conversions.,Healthcare / legal / multi
372,B,Jeff Feldhahn,Publisher BD @ Live Calls Network,https://www.linkedin.com/in/jefffeldhahn,,Recruits inbound-call affiliates for rehab debt Medicare and mass tort.,Legal / insurance / rehab
373,B,Jeff Wauthier,SEM / paid ads (WhatConverts + CallRail),https://www.linkedin.com/in/jeff-wauthier-899b343a,,Runs Google Ads LSA plus WhatConverts GTM CallRail and ServiceTitan for home services.,Home services
374,B,Jeffrey E.,VP of Sales @ Inbounds.com,https://www.linkedin.com/in/jeffreyelias,United States,Hiring affiliate managers. Legal/insurance/finance inbound calls.,Legal / insurance / finance
375,B,Jennifer Edwards,Affiliate / Pay-Per-Call at Axad Capital,https://www.linkedin.com/in/jennifer-edwards-698363171,New York,Greater NYC Axad operator who posted buying auto debt Medicare and final-expense inbound calls,insurance
376,B,Jesse Hoover,Operator @ Healthy Labs,https://www.linkedin.com/in/jesse-hoover-46503a41,,Connects agents with customer-initiated healthcare inbound.,Insurance
377,B,Jethro Tubongbanua,Google Ads / PPC specialist,https://www.linkedin.com/in/jethrotubongbanua,,Manages Google Ads with CallRail Zapier attribution for roofing dental and contractors.,Home services / healthcare
378,B,Jim Pastirmatzis,CMO Partner Loop Marketers,https://www.linkedin.com/in/jimpst,California,Anaheim-based PPC agency partner in debt legal and insurance,debt
379,B,Jim Quirk,VP Business Development @ Legal Advocate Group,https://www.linkedin.com/in/jim-quirk-8b107711,NJ,Pay-per-call inbounds/transfers for mass tort MVA SSDI.,Legal
380,B,Joanne H.,COO @ UNIK Media Group,https://www.linkedin.com/in/johurtado,FL,Ops for exclusive insurance inbound calls via paid social.,Insurance
381,B,Joe Lanno,Pay-Per-Call Insurance Sales (Contactability / RevenueAds / DoublePositive),https://www.linkedin.com/in/joelanno,Massachusetts,Boston seller of insurance calls live transfers and click-to-call across multiple PPC shops,insurance
382,B,Joey Anderson,Account Manager @ NLBB Call Network,https://www.linkedin.com/in/joey-a-i,Wisconsin,Buys pest roofing HVAC plumbing window inbound calls; RTB + static.,Home services / insurance / legal
383,B,John Krawczyk,Pay-per-call specialist; ex-Axad Capital,https://www.linkedin.com/in/john-krawczyk-lfg,United States,Built and sold a $10M+/yr PPC agency; Ringba GOAT. Exact Slack ROI buyer.,Insurance / finance / home services / legal
384,B,John M. Gachanja,High-volume inbound-call buyer,https://www.linkedin.com/in/john-m-gachanja-9465531b1,United States,National buyer of U65 Medicare FE HVAC and auto inbound calls.,Insurance / home services
385,B,Jon Greenberg,Pay-Per-Call / CPA Legal Marketing at Your Case Counts,https://www.linkedin.com/in/greenbergjon,Washington DC,DC-Baltimore operator selling in-house Meta/Google/streaming inbound legal calls on PPC or CPA,legal
386,B,Jonathan Fitzmaurice,Account Executive @ Fitz Media Group,https://www.linkedin.com/in/jonathan-fitzmaurice-616a25158,SC,Inbound-call and lead AE blending media buying and partnerships.,Insurance / inbound
387,B,Jordan Ghiglia,Sr. Media Manager @ Centerfield,https://www.linkedin.com/in/jordanghiglia,,Buys insurance calls/leads; posts for auto home life call volume.,Insurance
388,B,Jordann Dennee,Affiliate Manager @ ifficient,https://www.linkedin.com/in/jordann-dennee-96b392133,CO,Buys and sells inbound calls: MVA ACA Medicare SSDI debt FE auto home services.,Insurance / legal / home services
389,B,Joseph LaFleur,Director-level PPC / affiliate operator,https://www.linkedin.com/in/jolafleur,United States,15 years publisher plus network PPC. Campaign management buyer relations routing.,Pay-per-call / affiliate
390,B,Josh Spadafora,Senior Paid Media Manager @ Inquirly,https://www.linkedin.com/in/josh-spadafora-92391653,Texas,Built CallRail DNI zip-prefix tracking on Google Ads for home-services buyers.,Home services
391,B,Josh Yohnke,Head of Sales @ eLocal,https://www.linkedin.com/in/josh-yohnke-326bb222,PA,Hires AEs to sell pay-per-call to local businesses.,Home services / legal / medical
392,B,Joshua Branstetter,VP of Sales @ Calldrive,https://www.linkedin.com/in/joshbranstetter,TX,Sells Calldrive name-your-price inbound call network.,Pay-per-call
393,B,Joshua Conklin,SmartLeads Media,https://www.linkedin.com/in/joshuaconklin,United States,Generates PPC live-call transfers across FE ACA Medicare auto and debt.,Insurance / debt / solar
394,B,Judy Bastien,Business Development @ Konnect Leads,https://www.linkedin.com/in/judy-bastien-585697247,MO,TCPA-compliant live transfers: FE Medicare U65 auto home services mass torts.,Insurance / home services / legal
395,B,Julia P.,Operator at Ringlab Media,https://www.linkedin.com/in/juliaprohoda,Louisiana,New Orleans teammate placing HVAC and travel inbound calls for Ringlab.,Home Services
396,B,Junaid Abbasi,BPO live-transfer operator,https://www.linkedin.com/in/junaid-abbasi-0225b32aa,,Runs live-transfer campaigns for auto Medicare FE and MVA.,Insurance / legal
397,B,Justin B.,Senior Performance Marketer at WeCall,https://www.linkedin.com/in/brewer051,North Carolina,Raleigh marketer managing inbound-call spend for healthcare and home services.,Insurance
398,B,Justin Meyers,Operator selling inbounds and transfers,https://www.linkedin.com/in/justin-meyers-bb58b9285,,Generates ~1000 transfers/month for FE Medicare auto MVA and Camp Lejeune.,Insurance / legal
399,B,Kamil Podworski,Director @ 499 Group,https://www.linkedin.com/in/kamil-podworski,UK,499 Group buys CTV Final Expense inbound calls. Ex-Axad PPC.,Insurance / home services / legal
400,B,kamran Y.,Business Development Manager at AcomoDigital,https://www.linkedin.com/in/kamran-y-3428b8365,Kentucky,Florence BDM selling Jornaya-tokened live transfers for FE auto and home.,Insurance
401,B,Kathy Krahn,Pay-per-call marketer @ Performance Based Marketing,https://www.linkedin.com/in/kathy-krahn-94323620,Minnesota,Cottage Grove operator at a Woodbury pay-per-call lead-gen shop.,Pay-per-call / lead gen
402,B,Katie Jackson,Pay-per-call / Phonely; inbound consultant,https://www.linkedin.com/in/katie-jackson22,,Buys and sells home-services and insurance inbound calls.,Home services / insurance
403,B,Kelly Greenfield,VP of Media Partnerships @ Datalot/Centerfield,https://www.linkedin.com/in/kelly-greenfield-52875b2,CA,Publisher partnerships for Centerfield insurance marketplace.,Insurance
404,B,Kevin King,Senior Account Manager at RevenueAds,https://www.linkedin.com/in/kevin-king-,Oklahoma,Runs home-warranty pay-per-call programs on Ringba and Invoca for an OKC network.,Insurance
405,B,Kevin Perkins,Operator at NLBB Marketing Group,https://www.linkedin.com/in/kevinsperkins,North Carolina,Chapel Hill marketer whose shop sells pay-per-call and call-center solutions.,Home Services
406,B,Kirby Thornton,Performance marketer at TI Marketing,https://www.linkedin.com/in/kirby-thornton-38775a13,Tennessee,Memphis operator driving inbound pay-per-call for Medicare ACA and auto.,Insurance
407,B,Kithure Denis,Digital marketer (CallRail + WhatConverts),https://www.linkedin.com/in/kithure-denis-715851131,,Runs SEM with CallRail and WhatConverts for call and lead attribution.,Multi
408,B,Kristi Terpstra,Pay Per Call Director @ Xanadu Marketing,https://www.linkedin.com/in/kristi-terpstra-069a94146,MI,Places inbound calls with centers and PPC networks.,Education / auto / finance
409,B,Kristine Suarez,Publisher Network Manager @ Billy.com,https://www.linkedin.com/in/kristine-suarez-232bbb232,United States,Recruits publishers selling ping/post and inbound calls.,Home services / insurance
410,B,Kyle Haywood,Paid search manager (WhatConverts),https://www.linkedin.com/in/kyle-linton-haywood,South Carolina,Used WhatConverts to track Google Ads calls forms and chats for HVAC legal and home services.,Home services / legal
411,B,Kyle Noval,Google Ads / PPC specialist,https://www.linkedin.com/in/kyle-noval-39749b211,,Manages Google Ads and sets CallRail plus other call trackers for conversion reporting.,Multi
412,B,Larry Albano,BD @ SignedRetainers.com,https://www.linkedin.com/in/larry-albano,Texas,San Antonio operator delivering legal calls and mass-tort retainers.,Legal
413,B,Larry Morgan,Pay-per-call campaign operator,https://www.linkedin.com/in/larry-morgan-chicago,Illinois,Chicago operator who scaled inbound PPC across insurance finance home services and debt.,Insurance / finance / home services / debt
414,B,Lianne Kelbert,Senior Manager Affiliate Partnerships @ eLocal,https://www.linkedin.com/in/lianne-marie-palazzolo,PA,$100M+ pay-per-call affiliate campaigns across home services legal insurance.,Home services / legal / insurance
415,B,Lillie Beiting,Marketing ops (CallRail Certified + Google Ads),https://www.linkedin.com/in/lilliebeiting,,CallRail-certified marketer with Google Ads/PPC and lead-gen stack.,Multi
416,B,Linda Neering,Network operations @ OFFERweb,https://www.linkedin.com/in/linda-neering-7b87a323,North Carolina,Runs inbound call flow on Invoca and TrackDrive.,Insurance
417,B,Lindsey Mitchell,SEM / Google Ads + Invoca,https://www.linkedin.com/in/lindseyam,,Manages Google Ads/LSA and Invoca call tracking plus ActiveProspect lead flow.,Multi
418,B,Liza Schubert,Network Director Pay Per Call @ Astoria Company,https://www.linkedin.com/in/liza-schubert-6597b624,New Jersey,Runs 150+ Invoca pay-per-call offers and buys locksmith insurance and debt inbounds.,Insurance
419,B,Logan Fairchild,Director of Pay Per Call ifficient,https://www.linkedin.com/in/loganfairchildd,Colorado,Denver lead generating 3000+ daily inbound calls and warm transfers,insurance
420,B,Luanne Marek,EVP Media @ Centerfield,https://www.linkedin.com/in/luanne-marek-4bab3531,CA,Owns impression-to-call-to-sale P&L and daily profitability scorecards.,Insurance / telecom
421,B,Lucas Maximiliano Di Dodo,Revenue attribution (home services),https://www.linkedin.com/in/lucasdidododigital,,Fixes call-tracking gaps across PPC LSA and CRM for a US HVAC/plumbing company.,Home services
422,B,Ludisley La Torre,Paid lead / call-tracking operator (insurance),https://www.linkedin.com/in/ludilatorreh,,Owns paid inbound-call acquisition plus Ringba/Retreaver/TrackDrive reporting.,Insurance
423,B,Luis Millán,Inbound data / media specialist @ Fuego Leads,https://www.linkedin.com/in/lmillan08,,Optimized $100k–$500k/mo campaigns and media buying for inbound.,Insurance
424,B,Luke Isais,Operator @ Leadbait,https://www.linkedin.com/in/luke-isais-01a5a3169,,Generates exclusive phone-verified Medicare FE ACA leads and transfers.,Insurance
425,B,Mansimar Singh,Affiliate Manager @ Marketcall,https://www.linkedin.com/in/mansimar-singh-bbb370125,,Manages pay-per-call affiliates and lead-gen partners. Daily publisher/buyer reporting.,Insurance / home services / travel
426,B,Marc Kalma,Senior Account Manager @ DoublePositive,https://www.linkedin.com/in/marckalma,MD,Manages live-transfer / calling-on-behalf campaigns for insurance mortgage home services.,Insurance / home services / mortgage
427,B,Marc Volza,Network Director @ WeCall,https://www.linkedin.com/in/marc-volza-388132b7,United States,Affiliate and buyer-level performance tracking and forecasting.,Pay-per-call network
428,B,Margarita Aguirre,Affiliate Manager at Ping Call / Global Telecom Investors,https://www.linkedin.com/in/margarita-aguirre-402930260,New York,NY affiliate manager generating in-house debt tax and health-insurance inbound calls,insurance
429,B,Marina Hilton,Operator @ Optimize to Convert,https://www.linkedin.com/in/marina-hilton-6b5649bb,,Contact.io regular selling consumer-initiated inbound for insurance agencies.,Insurance
430,B,Mark A.,COO / Ringba + Leadspedia ops,https://www.linkedin.com/in/mark-a-57917846,United States,Owns day-to-day call monetization ops across Ringba Leadspedia and Everflow.,Pay-per-call ops
431,B,Mark Miller,Operator @ Regal Result LLC,https://www.linkedin.com/in/mark-miller-70bb89176,,O&O CMS-approved Medicare ACA FE auto inbound and onshore transfers.,Insurance
432,B,Marty Shea,Advertiser growth @ Billy.com; ex-Aragon,https://www.linkedin.com/in/marty-shea,United States,Managed $8.5M+ advertiser revenue at Aragon. Now scales Billy buyers.,Home services / legal / insurance
433,B,Matt Levy,Sr. Manager Media Partnerships @ Datalot/Centerfield,https://www.linkedin.com/in/matt-levy-033a20b9,,$1M+/mo media; optimizes data leads inbound calls and warm transfers.,Insurance
434,B,Matthew Boyce,Operator @ Profit Printer Calls,https://www.linkedin.com/in/matthew-boyce-b303a118b,,Generates and routes inbound and live transfers for Medicare FE auto ACA.,Insurance
435,B,MD A.,Pay-per-call buyer (ACA FE auto home SSDI),https://www.linkedin.com/in/md-a-68425b39,United States,Actively buying inbound calls and live transfers across insurance verticals.,Insurance / home services
436,B,Micah Berkley,Performance marketer using Ringba + voice AI,https://www.linkedin.com/in/micahberkley,Florida,Posted using Ringba and voice AI to lift inbound-call conversions.,Pay-per-call
437,B,Michael Gomez,Paid search @ JUICE,https://www.linkedin.com/in/mgomeppc,New York,Google Ads specialist listing CallRail/Invoca for call tracking.,Multi
438,B,Michael McDonough,Operator @ CCAM Services,https://www.linkedin.com/in/michael-mcdonough-79b6161a,,Brokers real-time leads PPC inbounds and transfers across verticals.,Insurance / home services / legal
439,B,Michael Piccininni,Operator @ Michael's & Sterling Consulting,https://www.linkedin.com/in/michael-piccininni-59138b278,,Delivers pre-qualified mass-tort cases via live transfers.,Legal
440,B,Michael Stankus,Sr. Account Executive at eLocal,https://www.linkedin.com/in/michael-stankus-a33958b5,Pennsylvania,Greater Philadelphia seller of eLocal pay-per-call programs to contractors and law firms,home services
441,B,Michael Symonds,Operator @ CallsAndLeads.com / Home Appointments,https://www.linkedin.com/in/msymonds,North Carolina,Huntersville buyer of home-services and insurance inbound calls.,Home services / insurance
442,B,Mike G,SmartLeads Media,https://www.linkedin.com/in/smartleadsmedia,Florida,Supplies TCPA-compliant leads plus live call transfers across mortgage and insurance.,Insurance / mortgage / debt
443,B,Mike Kerry,Network Manager at Convert2Media,https://www.linkedin.com/in/mikekerry1,Florida,Orlando network manager at a performance shop that has run pay-per-call traffic.,Performance
444,B,Mike Morreale,Senior Buyer at Datalot,https://www.linkedin.com/in/mike-morreale-ab1956a5,New York,Named Brooklyn insurance call/lead buyer at Datalot/Centerfield,insurance
445,B,Mike Myles,SVP Found Performance / Myles Marketing,https://www.linkedin.com/in/mike-myles-298a7913,Arizona,Scottsdale operator posting LeadsCon pay-per-call deal flow,insurance
446,B,Mir Musa,COO @ HA Links LLC,https://www.linkedin.com/in/mir-musa-87545518b,,FE and Medicare live/warm transfers plus ACA inbound for IMOs/FMOs.,Insurance
447,B,Mohammed Sait,BD Director @ BidOnCalls,https://www.linkedin.com/in/mohammed-sait-%c2%ae-279224278,,Scales inbound and live-transfer campaigns using Ringba TrackDrive Leadspedia.,Insurance / home services / travel
448,B,Morty Kashtan,Agency sales @ Centerfield / Datalot,https://www.linkedin.com/in/morty-kashtan-a03489179,,Places thousands of self-initiated insurance live-call transfers.,Insurance
449,B,Muchoki Abrahams,Director Media Buying @ Datalot/Centerfield,https://www.linkedin.com/in/muchoki-abrahams-8917407,New York,Directed up to $800k/mo search/social for auto Medicare health home.,Insurance
450,B,Muhammad Arif,Operator @ Calls Hub Solutions,https://www.linkedin.com/in/muhammad-arif-26926b118,,Sells live transfers and inbound; LeadsCon and Contact.io regular.,Insurance / legal
451,B,Muhammad Tahir Shehzad,Pay-per-call publisher,https://www.linkedin.com/in/muhammad-tahir-shehzad-342369a3,United States,Publisher of exclusive US inbound across moving home services finance insurance legal.,Home services / insurance / legal / finance
452,B,Murtaza Bhutta,Google Ads consultant (CallRail + WhatConverts),https://www.linkedin.com/in/murtazabhutta,,US/Canada legal and HVAC Google Ads with CallRail and WhatConverts tracking.,Legal / home services
453,B,Muskan Agarwal,Performance Marketing Manager @ Henry Ads Factory,https://www.linkedin.com/in/-muskanagarwal,,Manages PayPerCall inbounds for ACA Medicare FE debt.,Insurance / debt
454,B,Nasir Illyas,Operator @ Wave Network / EagleCPL,https://www.linkedin.com/in/nasir-illyas-903532bb,Florida,Brandon FL shop selling ACA Medicare FE auto live transfers and inbound.,Insurance
455,B,Nate Walsh,Senior Account Manager Digi-Advert,https://www.linkedin.com/in/nate-walsh-339090277,Utah,Salt Lake City buyer of inbound HVAC debt and insurance calls,home_services
456,B,Ned Silvertone,VP of Marketing at DoublePositive,https://www.linkedin.com/in/ned-silvertone-a083b374,Maryland,Baltimore marketing lead at a live-transfer/contact-management shop,insurance
457,B,Neil Spencer,Operator @ Leads to Insure,https://www.linkedin.com/in/neil-spencer-505b83125,,Sells pre-qualified Final Expense inbound warm transfers.,Insurance
458,B,Nick Davies,Associate Director Affiliate Management @ Aragon,https://www.linkedin.com/in/nickdavies100,California,Buys/sells consumer-initiated inbound calls and live transfers.,Home services / insurance
459,B,Nick Napoli,Paid Search Manager @ EM Search Consulting,https://www.linkedin.com/in/nicknapolichicago,Illinois,Agency PPC across medspa legal dental HVAC; rebuilt attribution across Google Ads HubSpot and CallRail.,Healthcare / legal / home services
460,B,Nikhil R.,CTO @ WeCall,https://www.linkedin.com/in/nikhilrajpal96,United States,Builds acquisition engines that turn paid media into qualified inbound calls.,Pay-per-call / paid media
461,B,Noah Fields,Sr. Director of Business Development @ Visiqua,https://www.linkedin.com/in/noah-fields-sales,CO,Visiqua BD for O&O pay-per-call and CPA customer acquisition.,Pay-per-call / lead gen
462,B,Nouman Rashid,Operator at CALLERS LLC,https://www.linkedin.com/in/nouman-rashid-276435192,Kentucky,Kentucky BPO partner buying and transferring insurance and tax-relief calls.,Insurance
463,B,Obinna Ezueh,Account Executive at One Pillarmark Media,https://www.linkedin.com/in/obinna-ezueh-9a5a20240,Florida,Onboards call centers for ACA live transfers and inbound lead gen.,Insurance
464,B,Owen Reynolds,Strategic Partner at Konnect Leads,https://www.linkedin.com/in/owen-reynolds-konnectleads,Texas,Katy pay-per-call strategist placing TCPA-compliant live transfers.,Insurance
465,B,Pal A.,Legal PPC + CallRail/CTM,https://www.linkedin.com/in/pal-anderka-farkas,,Google Ads/LSA for law firms with CallRail and CallTrackingMetrics attribution.,Legal
466,B,Parminder Pal Singh,Google/Meta Ads manager (WhatConverts),https://www.linkedin.com/in/parminder-pal-singh-6b4b90193,,Manages $279K/mo contractor ads and pushes booked-job values into Google Ads via WhatConverts.,Home services
467,B,Peter E.,Affiliate Marketing Specialist at Loop Connect Advertising,https://www.linkedin.com/in/peter-e-6b1452203,New York,NY seller of ACA auto FE debt and home-insurance inbound/transfer calls,insurance
468,B,Priyanshu Mittal,Performance marketing operator @ Clickdee,https://www.linkedin.com/in/mittalpriyanshu,United States,Runs Medicare FE ACA and home-services inbound-call funnels for US buyers.,Insurance / home services
469,B,Puneet G.,Pay-per-call network operator,https://www.linkedin.com/in/puneet065889,United States,Network buying inbound calls and warm transfers across key verticals.,Pay-per-call network
470,B,Pushkar Jaiswal,VP Partnerships @ Media Goats,https://www.linkedin.com/in/pushkar-jaiswal-2489a9137,,PPC specialist selling Medicare live transfers and buying U65 volume.,Insurance
471,B,Rafia Mairaj,Pay-per-call ops consultant (TrackDrive + Retreaver),https://www.linkedin.com/in/rafia-mairaj-22b749a0,United States,Lives in routing QA and performance reports. Will feel 15-minute Slack updates.,Medicare / FE / SSDI / debt / home services
472,B,Rahul M,Operator @ ClientAcq.io,https://www.linkedin.com/in/therahulm,,Pay-per-transfer acquisition for personal-injury and insurance buyers.,Legal / insurance
473,B,Randilynn Moore,Xanadu Marketing lead-gen / live transfers,https://www.linkedin.com/in/randilynn-moore-a95928152,MI,Sells data and live-transfer inventory across 22 verticals.,Finance / insurance / home services
474,B,Raphy Medrano,Business development @ What If Media Group,https://www.linkedin.com/in/raphy-medrano-4314aa64,,WIMG BD with Fluent customer-acquisition background.,Performance / customer acquisition
475,B,Rashid Ali,Senior Affiliate Manager @ Macrobizz,https://www.linkedin.com/in/rashid-ali-b679ab366,,Manages pay-per-call affiliate and buyer campaigns; lives in tracking and ROI reports.,Pay-per-call
476,B,Ritika Kanwar,PPC Growth Manager @ VoxCall Pro,https://www.linkedin.com/in/ritika-kanwar-959384219,,Monitors inbound-call quality and conversions in Ringba for publishers.,Insurance
477,B,Robert Wilson,Operator @ On Point Legal Leads / ARC,https://www.linkedin.com/in/robert-wilson-8951937,Texas,Dallas shop selling mass-tort retainers and high-intent live-transfer MVA leads.,Legal
478,B,Rohan Reddy Singireddy,Pay-per-call marketer (Ringba),https://www.linkedin.com/in/rohan-reddy-singireddy-b454302b3,United States,Sends high-intent inbound calls to local services via Ringba.,Medicare / ACA / debt / auto / home services
479,B,Romail S. Joseph,CMO @ Leadbait,https://www.linkedin.com/in/romail-s-joseph-8a0737227,,Helps agents and FMOs with Medicare/FE leads and live transfers.,Insurance
480,B,Ron McKinney,Mobile Pay Per Call Affiliate Manager,https://www.linkedin.com/in/ron-mckinney-7810b144,Arizona,Phoenix mobile pay-per-call affiliate campaign operator,affiliate
481,B,Ronnie O. Sargent,Pay-per-call / publisher partnerships @ Centerfield,https://www.linkedin.com/in/ronnie-sargent,,Leads PPC/PPL campaigns and publisher relationships for carriers/FMOs.,Insurance
482,B,Roshaan Imran,Pay Per Call operator at Absolute Solutions ATS,https://www.linkedin.com/in/roshaan-imran-964224223,Texas,Austin operator buying ACA calls and producing 200-plus daily live transfers.,Insurance
483,B,Rosy Cleide,Business Development Manager at Techaxy,https://www.linkedin.com/in/rosycleide,South Carolina,Charleston BDM placing insurance warranty and ACA pay-per-call offers.,Insurance
484,B,Ryan Melby,Media / call-tracking operator,https://www.linkedin.com/in/ryanmelby,,Oversaw media spend plus CallRail reporting for insurance and home-services clients.,Insurance / home services
485,B,Ryan O'Planick,Sr. Account Manager at DoublePositive,https://www.linkedin.com/in/ryanoplanick,Maryland,Towson seller turning insurance-agency leads into live warm calls,insurance
486,B,Sabahat Latif,Head of Media Buying @ Billy.com,https://www.linkedin.com/in/sabahatlatif,,Heads Billy media buying. Daily spend vs call return.,Pay-per-call / media buying
487,B,Sanju Pandey,US inbound-call operator,https://www.linkedin.com/in/sanju-pandey-51422b280,,Builds inbound and live-transfer assets for ACA Medicare FE and SSDI.,Insurance
488,B,Sarah Fitzgerald,Senior Account Manager @ Aragon Network,https://www.linkedin.com/in/sarah-fitzgerald-b8104455,,Places pest-control and insurance inbound volume for Aragon buyers.,Insurance / pest
489,B,Sarah Huseman,Medicare performance marketer (affiliate calls),https://www.linkedin.com/in/sarahhuseman,,Ran national Medicare brands across affiliate clicks calls and leads.,Insurance
490,B,Savannah Moore,Director of Strategic Partnerships @ WeCall,https://www.linkedin.com/in/savannah-moore-038474117,United States,Ex-Centerfield/Datalot insurance acquisition. WeCall partnerships.,Insurance / home services
491,B,Scott Conran,Director of Business Development at HealthPlanOne,https://www.linkedin.com/in/sconran1,Connecticut,Trumbull Medicare lead-gen and affiliate manager at a CT call-center brokerage,insurance
492,B,Scott Hirschbein,SVP Sales and Marketing @ 5 Mile Media,https://www.linkedin.com/in/scott-hirschbein-aa39875,CA,Oversees cost-per-call / pay-per-call for home improvement.,Home services
493,B,Scott Miller,Campaign Operations Visiqua,https://www.linkedin.com/in/scottmiller1121,Colorado,Boulder ops lead for a calls-clicks-leads acquisition agency,performance
494,B,Sebastian Talavera,Senior Account Manager @ SearchKings,https://www.linkedin.com/in/sebastian-talavera,,Rolled CallTrackingMetrics into Premier Google Partner PPC ops.,Multi
495,B,Sebastian Valenzuela,PPC Expert @ ArmorPPC,https://www.linkedin.com/in/sebastianvalenz,,Google Ads for Medicare and PI with Ringba and CallTrackingMetrics.,Insurance / legal
496,B,Shaggad Mannan,Affiliate Manager @ Marketcall,https://www.linkedin.com/in/shaggad-mannan-6352b841b,TX,Ran Google brand-bidding pay-per-call as a super affiliate; now Marketcall AM.,Insurance
497,B,Shahzil Imran,Google Ads specialist (WhatConverts),https://www.linkedin.com/in/syedshahzilimran,,US/Canada dental HVAC roofing Google Ads with WhatConverts call and form attribution.,Healthcare / home services
498,B,Shany Esh,PPL / pay-per-call operator,https://www.linkedin.com/in/shany-esh,United States,Google Ads plus Ringba/Retreaver DNI for insurance home services and legal.,Insurance / home services / legal
499,B,Shawn Turner,Operator @ Freedom Marketing Group,https://www.linkedin.com/in/shawn-turner-2241091b8,,Freedom Marketing live transfers and inbound for FE Medicare ACA auto.,Insurance
500,B,Shelby Schanche,Affiliate inbound / pay-per-call operator,https://www.linkedin.com/in/shelby-schanche-slc,,Owns affiliate inbound channel and weekly billing of pay-per-call campaigns.,Insurance / affiliate
501,B,Shiraz Odhwani,Leader at Trendy Communications,https://www.linkedin.com/in/shiraz-odhwani,Texas,Dallas BPO leader selling TCPA-compliant live transfers across insurance verticals.,Insurance
502,B,Shivani R Gupta,Director of Strategy Call Trader,https://www.linkedin.com/in/shivani25,California,Call Trader/Madera Digital operator for inbound call acquisition,insurance
503,B,Shweta Kapoor,Growth Relationship Manager / Ringba ops,https://www.linkedin.com/in/shweta-kapoor-62a21550,,Runs Ringba RTB ring trees IVR and inbound/transfer campaigns.,Insurance / home services / debt / solar
504,B,Simran Jaiswal,Inbound QA / U65 buyer,https://www.linkedin.com/in/simran-jaiswal-6776751b8,,Buys high-volume U65 and Medicare live-transfer calls.,Insurance
505,B,Sinan Ovacik,Mobile pay-per-call / performance advertising,https://www.linkedin.com/in/sinanovacik,United States,Long-time mobile pay-per-call and per-inquiry advertising operator.,Pay-per-call / mobile
506,B,Sloane Jeffrey,Operator @ RingPartner,https://www.linkedin.com/in/sloane-jeffrey,,Delivers inbound and warm-transfer calls for home services legal and insurance.,Home services / legal / insurance
507,B,Spencer Ford,VP BD @ Health Is Wealth Marketing,https://www.linkedin.com/in/spencer-ford-07542aaa,California,Sierra Madre shop generating thousands of FE/Medicare inbound transfers daily.,Insurance
508,B,Stacy Luski,Director of Business Development @ WeCall,https://www.linkedin.com/in/stacyluski,United States,WeCall BD. Opens the buying team or partner intros.,Pay-per-call agency
509,B,Stephen Canz,COO @ Callitech Media,https://www.linkedin.com/in/stephen-canz-92814a1a4,Missouri,Lee's Summit PPC shop buying and selling insurance and debt inbound.,Insurance / debt
510,B,Steve Berns,Operator at Peak Advertising,https://www.linkedin.com/in/steveberns,Tennessee,Nashville performance marketer running inbound-call campaigns and publisher partnerships.,Performance
511,B,Steve Crisp,Pay-per-call lead generator,https://www.linkedin.com/in/steve-crisp-1767424,North Carolina,Raleigh specialist selling direct pay-per-call phone leads to attorneys and trades.,Legal
512,B,Steven Brower,Senior Affiliate Manager @ Marketcall,https://www.linkedin.com/in/stevenbrower,,Built $5.5M affiliate revenue; ROAS-focused campaign optimization.,Pay-per-call / affiliate
513,B,Syed Muhammad Musa Raza Naqvi,Account Executive @ Ignite Networks,https://www.linkedin.com/in/syed-muhammad-musa-raza-naqvi-372156181,,Places CPL CPA and live-transfer volume with SelectQuote and similar buyers.,Insurance
514,B,Tamara Newman,Director of Paid Media Call Trader,https://www.linkedin.com/in/tamaramnewman,California,LA paid-media lead for inbound and warm-transfer call acquisition,insurance
515,B,Taylor van Doleweerd,Director of Operations @ Innovation Direct Group,https://www.linkedin.com/in/taylor-van-doleweerd,FL,Monitors daily campaign performance publisher/buyer metrics for calls/leads.,Insurance
516,B,Terry Harris,Paid search (rehab) + CallTrackingMetrics,https://www.linkedin.com/in/terry-harris-258056156,,$5M Google Ads rehab account optimized with Call Tracking Metrics call outcomes.,Healthcare
517,B,Thomas Gatlin,Affiliate Manager @ Crossblade Media,https://www.linkedin.com/in/thomas-gatlin-aka-vipul-nayyar-2b6275167,,Buys HVAC electrician pest inbound calls for a Miami pay-per-call shop.,Home services
518,B,Thomas Payne,Affiliate Marketing Manager Quantum Leads,https://www.linkedin.com/in/thomas-payne-ql,Nevada,Henderson affiliate manager specializing in pay-per-call,affiliate
519,B,Thomas Tallant,BD @ Home Appointments,https://www.linkedin.com/in/thomas-tallant-1b0809151,North Carolina,Sells exclusive home-services and insurance inbound calls.,Home services / insurance
520,B,Tina Dixon,COO @ Ringlab Media,https://www.linkedin.com/in/ladesignz,LA,Boutique inbound/transfer PPC for travel and home services.,Travel / home services
521,B,TJ Wilson,BrokerCalls / Blue Interactive team,https://www.linkedin.com/in/tj-wilson-9212a6290,FL,Celebrated BrokerCalls $1M Ringba GOAT pay-per-call volume.,Insurance / home services
522,B,Tom Giblin,Head of Partnerships at eLocal,https://www.linkedin.com/in/tom-giblin7,Pennsylvania,Feasterville head of partnerships selling eLocal home-services legal insurance and medical calls,home services
523,B,Tom Weekes,Search Marketing Director,https://www.linkedin.com/in/tomvweekes,North Carolina,Implemented Invoca call tracking and Salesforce sales-data loop for paid search.,Multi
524,B,Tony Schomberger,Billy.com operator,https://www.linkedin.com/in/tony-schomberger-0044438a,United States,Buys/sells calls in moving solar home services insurance legal.,Home services / insurance / legal
525,B,Tuba Sohail,Insurance call buyer,https://www.linkedin.com/in/tuba-sohail-95275731b,,Publicly buying SSDI ACA FE and Medicare inbound and transfer calls.,Insurance
526,B,Tyler Day,Operator @ Optimize to Convert,https://www.linkedin.com/in/tyler-day-557779108,Massachusetts,Buying customer-initiated FE inbound; in-house media buying for PPC.,Insurance
527,B,Tyler Garcia,Media Broker @ EDM Lead Network,https://www.linkedin.com/in/tyler-garcia-0962852b5,AZ,Claims 10k+ inbound calls/day across FE Medicare ACA auto.,Insurance
528,B,Tyler Kaufman,Senior Manager Affiliate Partnerships @ eLocal,https://www.linkedin.com/in/tylerkaufman1,PA,Pay-per-call/lead-form partnerships. Ex-WeCall. Contact.io crowd.,Home services / local
529,B,Tyson Reeves,Paid media (Google/Meta + WhatConverts),https://www.linkedin.com/in/tysonareeves,,Implemented WhatConverts with Google Ads Meta and GA4 for lead attribution.,Multi
530,B,Ujjwal Agarwal,Head of Business Development at TruLeads,https://www.linkedin.com/in/ujjwal-agarwal-043847374,Kentucky,Richmond specialist buying and selling ACA FE SSDI and Medicare calls.,Insurance
531,B,Usman Aziz,Operator @ Premium Digital Media,https://www.linkedin.com/in/usman-aziz-b0a896194,,Generates exclusive Medicare FE auto ACA inbound and live transfers.,Insurance
532,B,Utban Qammar,PPC inbound specialist @ Pragmatic Services,https://www.linkedin.com/in/utban-qammar-b1a43239b,,Google Ads inbound and live transfers for insurance home services and legal.,Insurance / home services / legal
533,B,Uzair Qadir,Inbound / live-transfer operator,https://www.linkedin.com/in/uzair-qadir-916a4bb5,,Contact.io seller of in-house inbound and transfers across home services and insurance.,Home services / insurance
534,B,Vincent C.,Operator @ SpartanLead,https://www.linkedin.com/in/mass-tort-retainers,,Sells Google inbound calls and warm transfers for mass tort and insurance.,Legal / insurance
535,B,Vincent DeMayo,COO @ Legal Advocate Group,https://www.linkedin.com/in/vincent-demayo-3831b927,NJ,Delivers legal leads calls and retainers for mass torts.,Legal / mass tort
536,B,Vlad Pritikin,Director of PPC @ Power Source,https://www.linkedin.com/in/vlad-pritikin-363529a5,,Google Ads plus CallRail or WhatConverts call tracking for local businesses.,Multi
537,B,William Kenny,Director of Marketing & PPC @ Inquirly,https://www.linkedin.com/in/william-kenny-abb40682,,$4.5M home-services PPC plus call tracking that lifted revenue-per-call.,Home services / legal
538,B,Wilson Duque,Leadership @ Henry Ads Factory,https://www.linkedin.com/in/wilsonduque,FL,Media acquisition leadership at inbound-call factory.,Pay-per-call
539,B,Xavier Arce,Operator @ Service Marketing USA,https://www.linkedin.com/in/xavierarce,,Delivers exclusive live phone calls for HVAC and appliance-repair contractors.,Home services
540,B,Yahya Khan,Pay-per-call / TrackDrive operator,https://www.linkedin.com/in/yahya-khan-337312229,United States,Runs full call-flow cycles on TrackDrive: routing buyer setup and reporting.,Pay-per-call / call tracking
541,B,Yotam Noyman,Chief of Operations EMEA @ WeCall,https://www.linkedin.com/in/yotamnoyman,Israel,WeCall RTB/programmatic ops. Multi-channel call + spend visibility.,Pay-per-call / RTB
542,B,Zack Bloom,Pay-per-call operator / Point MTK,https://www.linkedin.com/in/paypercallguru,,Publicly buying auto-insurance calls and life-insurance leads; Contact.io/ASE regular.,Insurance
543,B,Zaryab Sajid,BD Manager @ 499 Group,https://www.linkedin.com/in/zaryab-sajid-89071a209,United States,Scales inbound PPCall with Ringba Phonexa Everflow.,Home services / legal / insurance
